{"type":"FeatureCollection","bbox":[77.2780789,28.5548621,77.2909548,28.5666431],"properties":{"source":"OpenStreetMap contributors, ODbL 1.0","fetchedAt":"2026-09-02T21:29:41.484Z","campusOsmId":"relation/3695425","spanMetres":{"ew":1259,"ns":1303},"renderBbox":[77.27730198735634,28.55821956544034,77.28727931264366,28.567457034559663],"renderSpanMetres":{"ew":975,"ns":1021}},"features":[{"type":"Feature","id":"boundary/3695425","properties":{"layer":"boundary","name":"Jamia Millia Islamia","osmId":"relation/3695425","tags":{"amenity":"university","name":"Jamia Millia Islamia"}},"geometry":{"type":"Polygon","coordinates":[[[77.2815909,28.5661811],[77.2812722,28.5658385],[77.2815086,28.5656623],[77.2816786,28.5656329],[77.2816513,28.5655512],[77.2816711,28.5654967],[77.281748,28.5654531],[77.2818795,28.5654597],[77.2818944,28.5653856],[77.2819688,28.5653507],[77.2820309,28.5652832],[77.2821974,28.5654439],[77.2824815,28.5653392],[77.2827781,28.5656679],[77.2832789,28.5656329],[77.2836164,28.5654225],[77.2838845,28.5653095],[77.2836045,28.5650659],[77.2835174,28.565152],[77.2831944,28.5648141],[77.283071,28.5648906],[77.2827661,28.564591],[77.2828931,28.5644795],[77.2823197,28.5639217],[77.2821528,28.5640173],[77.2819205,28.5635692],[77.2824105,28.5632823],[77.2828315,28.563703],[77.2826355,28.5638114],[77.2837968,28.5649398],[77.2836952,28.5650163],[77.283993,28.5652937],[77.2843958,28.5651025],[77.2843051,28.5649973],[77.2844611,28.5649208],[77.2851035,28.5644108],[77.2853756,28.5645542],[77.2854627,28.5644267],[77.2856224,28.5645479],[77.285764,28.5645001],[77.285793,28.5645542],[77.2859157,28.5644689],[77.2860935,28.5642904],[77.2861407,28.5642235],[77.2860536,28.5628975],[77.2857736,28.5626531],[77.2856686,28.5624425],[77.2855416,28.5623118],[77.2852697,28.5620624],[77.2829398,28.5611731],[77.2826205,28.5611349],[77.2803739,28.5611398],[77.2794115,28.5611441],[77.2782406,28.5611339],[77.2782225,28.5634001],[77.2782291,28.5653279],[77.2787209,28.565316],[77.2788312,28.5651953],[77.2788888,28.5651656],[77.2790601,28.5652996],[77.2791296,28.5653026],[77.2792619,28.5652117],[77.2793857,28.5650851],[77.2799054,28.5645643],[77.2797879,28.5644568],[77.2801117,28.564223],[77.2807544,28.5649877],[77.2806873,28.5650361],[77.2807592,28.5651204],[77.2808048,28.5651941],[77.2807185,28.5653837],[77.280258,28.5656723],[77.2802999,28.5657207],[77.2799534,28.5659651],[77.2804851,28.5666431],[77.2815909,28.5661811]]]}},{"type":"Feature","id":"node/367276753","properties":{"layer":"poi","name":"Jamia Masjid","osmId":"node/367276753","tags":{"amenity":"place_of_worship","name":"Jamia Masjid","religion":"muslim"}},"geometry":{"type":"Point","coordinates":[77.2827257,28.5625276]}},{"type":"Feature","id":"node/939182586","properties":{"layer":"poi","name":"Okhla Village","osmId":"node/939182586","tags":{"name":"Okhla Village"}},"geometry":{"type":"Point","coordinates":[77.2890546,28.5636616]}},{"type":"Feature","id":"node/2583924590","properties":{"layer":"poi","name":"Indian Bank","osmId":"node/2583924590","tags":{"amenity":"bank","name":"Indian Bank","name:en":"Indian Bank"}},"geometry":{"type":"Point","coordinates":[77.2796752,28.5612991]}},{"type":"Feature","id":"node/2583932285","properties":{"layer":"poi","name":"FET AUDITORIUM","osmId":"node/2583932285","tags":{"name":"FET AUDITORIUM"}},"geometry":{"type":"Point","coordinates":[77.2796394,28.5598005]}},{"type":"Feature","id":"node/2824755486","properties":{"layer":"poi","name":"Noor Nagar","osmId":"node/2824755486","tags":{"name":"Noor Nagar"}},"geometry":{"type":"Point","coordinates":[77.2873437,28.5576219]}},{"type":"Feature","id":"node/2825767989","properties":{"layer":"poi","name":"Gaffar Manzil","osmId":"node/2825767989","tags":{"name":"Gaffar Manzil"}},"geometry":{"type":"Point","coordinates":[77.2832387,28.5566457]}},{"type":"Feature","id":"node/2901371925","properties":{"layer":"poi","name":"Pocket A","osmId":"node/2901371925","tags":{"name":"Pocket A"}},"geometry":{"type":"Point","coordinates":[77.2784261,28.5556715]}},{"type":"Feature","id":"node/3284155408","properties":{"layer":"poi","name":"Jamia Millia Islamia","osmId":"node/3284155408","tags":{"name":"Jamia Millia Islamia","operator":"Delhi Metro Rail Corporation Limited"}},"geometry":{"type":"Point","coordinates":[77.2863387,28.5630488]}},{"type":"Feature","id":"node/4405678392","properties":{"layer":"poi","name":"Okhla","osmId":"node/4405678392","tags":{"amenity":"bus_station","name":"Okhla","name:en":"Okhla"}},"geometry":{"type":"Point","coordinates":[77.2879233,28.5652603]}},{"type":"Feature","id":"node/5777631562","properties":{"layer":"poi","name":"Jamia Millia Islamia","osmId":"node/5777631562","tags":{"name":"Jamia Millia Islamia","operator":"Delhi Metro Rail Corporation Limited"}},"geometry":{"type":"Point","coordinates":[77.2863188,28.563067]}},{"type":"Feature","id":"node/6475194126","properties":{"layer":"poi","osmId":"node/6475194126","tags":{"amenity":"atm"}},"geometry":{"type":"Point","coordinates":[77.2815802,28.5609196]}},{"type":"Feature","id":"node/6547772117","properties":{"layer":"poi","name":"Jamia Millia Islamia","osmId":"node/6547772117","tags":{"name":"Jamia Millia Islamia","operator":"Delhi Metro Rail Corporation Limited"}},"geometry":{"type":"Point","coordinates":[77.2863588,28.5630343]}},{"type":"Feature","id":"node/7138632141","properties":{"layer":"poi","name":"DGD Batla House","osmId":"node/7138632141","tags":{"amenity":"clinic","name":"DGD Batla House"}},"geometry":{"type":"Point","coordinates":[77.2881643,28.5662662]}},{"type":"Feature","id":"node/7544955495","properties":{"layer":"poi","name":"Iqbal Faizy Hospital","osmId":"node/7544955495","tags":{"amenity":"hospital","name":"Iqbal Faizy Hospital"}},"geometry":{"type":"Point","coordinates":[77.2893706,28.5561387]}},{"type":"Feature","id":"node/7544955499","properties":{"layer":"poi","name":"Batla Hospital","osmId":"node/7544955499","tags":{"amenity":"hospital","name":"Batla Hospital"}},"geometry":{"type":"Point","coordinates":[77.2843026,28.56701]}},{"type":"Feature","id":"node/7788133646","properties":{"layer":"poi","name":"Okhla","osmId":"node/7788133646","tags":{"name":"Okhla"}},"geometry":{"type":"Point","coordinates":[77.2780805,28.5597172]}},{"type":"Feature","id":"node/8365915118","properties":{"layer":"poi","name":"Haseen Biryani corner","osmId":"node/8365915118","tags":{"amenity":"restaurant","name":"Haseen Biryani corner"}},"geometry":{"type":"Point","coordinates":[77.2909795,28.5593978]}},{"type":"Feature","id":"node/10960475397","properties":{"layer":"poi","name":"Shapes Of You Fitness Club","osmId":"node/10960475397","tags":{"leisure":"fitness_centre","name":"Shapes Of You Fitness Club","sport":"fitness;gymnastics;exercise"}},"geometry":{"type":"Point","coordinates":[77.282348,28.5659578]}},{"type":"Feature","id":"node/11235290610","properties":{"layer":"poi","name":"polytechnic ground","osmId":"node/11235290610","tags":{"amenity":"college","name":"polytechnic ground"}},"geometry":{"type":"Point","coordinates":[77.2809518,28.5630363]}},{"type":"Feature","id":"node/11235310919","properties":{"layer":"poi","name":"Zakir Hussain Library (JMI)","osmId":"node/11235310919","tags":{"amenity":"library","name":"Zakir Hussain Library (JMI)"}},"geometry":{"type":"Point","coordinates":[77.281506,28.5625944]}},{"type":"Feature","id":"node/11235332747","properties":{"layer":"poi","name":"Engineering Canteen","osmId":"node/11235332747","tags":{"amenity":"restaurant","name":"Engineering Canteen"}},"geometry":{"type":"Point","coordinates":[77.2782739,28.5597814]}},{"type":"Feature","id":"node/11241329895","properties":{"layer":"poi","name":"Zahra Restaurant","osmId":"node/11241329895","tags":{"amenity":"cafe","name":"Zahra Restaurant"}},"geometry":{"type":"Point","coordinates":[77.288547,28.5623329]}},{"type":"Feature","id":"node/11254451608","properties":{"layer":"poi","name":"Reading Hall, JMI","osmId":"node/11254451608","tags":{"name":"Reading Hall, JMI"}},"geometry":{"type":"Point","coordinates":[77.2819435,28.5615219]}},{"type":"Feature","id":"node/11262433605","properties":{"layer":"poi","name":"New Boys Hostel, JMI","osmId":"node/11262433605","tags":{"name":"New Boys Hostel, JMI","tourism":"hostel"}},"geometry":{"type":"Point","coordinates":[77.281262,28.5657851]}},{"type":"Feature","id":"node/11269141397","properties":{"layer":"poi","name":"Reading Hall, JMI","osmId":"node/11269141397","tags":{"name":"Reading Hall, JMI"}},"geometry":{"type":"Point","coordinates":[77.2818377,28.5625753]}},{"type":"Feature","id":"node/11269141398","properties":{"layer":"poi","name":"Dastarkhan Canteen","osmId":"node/11269141398","tags":{"amenity":"restaurant","name":"Dastarkhan Canteen"}},"geometry":{"type":"Point","coordinates":[77.2814109,28.5628067]}},{"type":"Feature","id":"node/11269141400","properties":{"layer":"poi","name":"MA Ansari Auditorium, JMI","osmId":"node/11269141400","tags":{"amenity":"conference_centre","name":"MA Ansari Auditorium, JMI"}},"geometry":{"type":"Point","coordinates":[77.2835165,28.5604402]}},{"type":"Feature","id":"node/11269141401","properties":{"layer":"poi","name":"Dean Student Welfare, JMI","osmId":"node/11269141401","tags":{"name":"Dean Student Welfare, JMI"}},"geometry":{"type":"Point","coordinates":[77.2836495,28.559948]}},{"type":"Feature","id":"node/11269145031","properties":{"layer":"poi","name":"Mosque","osmId":"node/11269145031","tags":{"amenity":"place_of_worship","name":"Mosque"}},"geometry":{"type":"Point","coordinates":[77.2808084,28.5656202]}},{"type":"Feature","id":"node/11274649159","properties":{"layer":"poi","name":"Office of the provost Hall of boys residence","osmId":"node/11274649159","tags":{"name":"Office of the provost Hall of boys residence","tourism":"hostel"}},"geometry":{"type":"Point","coordinates":[77.2801242,28.5605621]}},{"type":"Feature","id":"node/11274654303","properties":{"layer":"poi","name":"Jamia Milia Islamia School ground","osmId":"node/11274654303","tags":{"amenity":"school","name":"Jamia Milia Islamia School ground"}},"geometry":{"type":"Point","coordinates":[77.2835401,28.5638054]}},{"type":"Feature","id":"node/11274656335","properties":{"layer":"poi","name":"Chappar Wali Masjid","osmId":"node/11274656335","tags":{"amenity":"place_of_worship","name":"Chappar Wali Masjid","religion":"muslim"}},"geometry":{"type":"Point","coordinates":[77.288135,28.5631542]}},{"type":"Feature","id":"node/11276492167","properties":{"layer":"poi","name":"Police check point","osmId":"node/11276492167","tags":{"amenity":"police","name":"Police check point","operator":"Delhi Police"}},"geometry":{"type":"Point","coordinates":[77.2877917,28.5617873]}},{"type":"Feature","id":"way/31822856","properties":{"layer":"road","name":"Okhla Road","osmId":"way/31822856","tags":{"highway":"tertiary","name":"Okhla Road","surface":"asphalt"}},"geometry":{"type":"LineString","coordinates":[[77.2913255,28.5625764],[77.2911826,28.562578],[77.291033,28.5625629],[77.2909507,28.5625553],[77.2908019,28.5625461],[77.2899163,28.5624818],[77.2885356,28.5623788],[77.2883537,28.5623705],[77.2881887,28.5623623],[77.2875184,28.562329],[77.2871897,28.5623383],[77.2868594,28.5623477],[77.2864172,28.5623602],[77.2860676,28.5623701],[77.2859659,28.5624139]]}},{"type":"Feature","id":"way/77349537","properties":{"layer":"road","name":"MP Road","osmId":"way/77349537","tags":{"highway":"secondary","name":"MP Road"}},"geometry":{"type":"LineString","coordinates":[[77.278141,28.5609893],[77.2780203,28.5609248],[77.2772116,28.5607611],[77.2770968,28.5607173],[77.2768217,28.5605794],[77.2766464,28.5605104],[77.2762194,28.560312],[77.2755639,28.5599805]]}},{"type":"Feature","id":"way/80508236","properties":{"layer":"poi","name":"Holy Family Hospital","osmId":"way/80508236","tags":{"amenity":"hospital","barrier":"wall","name":"Holy Family Hospital"}},"geometry":{"type":"Polygon","coordinates":[[[77.2735834,28.5611052],[77.2735508,28.5624297],[77.2752682,28.5624174],[77.2752915,28.5632759],[77.2780641,28.5632856],[77.2780934,28.5610889],[77.2735834,28.5611052]]]}},{"type":"Feature","id":"way/164702308","properties":{"layer":"footway","osmId":"way/164702308","tags":{"highway":"footway"}},"geometry":{"type":"LineString","coordinates":[[77.2920166,28.5623922],[77.2919778,28.5624066],[77.2915206,28.5625227]]}},{"type":"Feature","id":"way/164702314","properties":{"layer":"road","name":"Main road","osmId":"way/164702314","tags":{"highway":"residential","name":"Main road"}},"geometry":{"type":"LineString","coordinates":[[77.2847662,28.5658894],[77.2843744,28.5661355],[77.2843295,28.5661568],[77.2842848,28.5661684],[77.2842424,28.5661715],[77.2840716,28.5661651],[77.2840317,28.5661671],[77.2840061,28.5661723],[77.2838928,28.5662173],[77.2838254,28.5662376],[77.2837925,28.5662426],[77.2837564,28.5662429],[77.2835234,28.5661381],[77.2834588,28.5661217],[77.2834002,28.5661158],[77.2832613,28.5661103],[77.2831916,28.5661132],[77.2831373,28.5661205],[77.2827994,28.56621],[77.2827621,28.5662254],[77.282735,28.566243],[77.2823892,28.5665942],[77.2812574,28.5670455],[77.2810922,28.5671017],[77.280888,28.5671634],[77.2804669,28.5673078],[77.2802477,28.5673855],[77.2798175,28.5675532],[77.2797524,28.5675723],[77.2795197,28.567709]]}},{"type":"Feature","id":"way/164702319","properties":{"layer":"footway","osmId":"way/164702319","tags":{"highway":"footway"}},"geometry":{"type":"LineString","coordinates":[[77.2915206,28.5625227],[77.2913773,28.5625808]]}},{"type":"Feature","id":"way/164702321","properties":{"layer":"road","osmId":"way/164702321","tags":{"highway":"residential"}},"geometry":{"type":"LineString","coordinates":[[77.282012,28.5638525],[77.282009,28.5638678],[77.282009,28.5638831],[77.2820186,28.5639055],[77.2820699,28.5639887],[77.282114,28.5640506],[77.2822697,28.5643039],[77.2822968,28.5643518],[77.2823081,28.5644061],[77.2823126,28.5644532],[77.2823041,28.5647747],[77.2822429,28.5648792],[77.2821244,28.5650454],[77.2820884,28.5650872],[77.2820539,28.5651036],[77.2819854,28.5651179],[77.281741,28.5651118],[77.2811393,28.5651023],[77.2809425,28.5650992]]}},{"type":"Feature","id":"way/164702323","properties":{"layer":"road","osmId":"way/164702323","tags":{"highway":"service","surface":"concrete"}},"geometry":{"type":"LineString","coordinates":[[77.2781519,28.5644218],[77.2781713,28.5641075],[77.2781556,28.5633162],[77.2781597,28.5628526],[77.2781632,28.5610422]]}},{"type":"Feature","id":"way/164702325","properties":{"layer":"road","osmId":"way/164702325","tags":{"highway":"tertiary"}},"geometry":{"type":"LineString","coordinates":[[77.2854406,28.5619847],[77.2854735,28.561886],[77.2855022,28.5617846],[77.2855295,28.5616785],[77.2856934,28.5610407],[77.2857032,28.5609778],[77.2857065,28.5609337],[77.2857065,28.5608682],[77.2857005,28.5607812],[77.2856356,28.5602738],[77.285628,28.5602451],[77.2856151,28.5602131],[77.2856,28.5601818],[77.2855788,28.5601505],[77.2855223,28.5601],[77.2854774,28.5600412],[77.2854538,28.5599891],[77.2854431,28.5599427],[77.2854303,28.5598774],[77.2854221,28.5598196],[77.2854289,28.5597598],[77.2854364,28.5597152],[77.2854588,28.5596612],[77.2856383,28.5593874],[77.2856457,28.559358],[77.2856456,28.559321],[77.2856425,28.559292],[77.2856324,28.5592615],[77.2856018,28.5592074],[77.2855576,28.5591388],[77.2855191,28.5590974],[77.2854796,28.5590663],[77.2853941,28.5590118],[77.2850112,28.5587935],[77.2849224,28.558756],[77.2848261,28.5587204],[77.2847577,28.5587064],[77.2847022,28.5587018],[77.2845013,28.5587045],[77.2844678,28.5587017],[77.2844354,28.558697],[77.284397,28.5586861],[77.2843177,28.5586527],[77.2842494,28.5586159],[77.2841298,28.5585326],[77.2838649,28.5583482],[77.2836209,28.5581661],[77.283601,28.5581508],[77.2835873,28.5581387],[77.2835762,28.5581244],[77.2835667,28.5581046],[77.2834084,28.5577251],[77.2833451,28.5575282],[77.2832897,28.5572895],[77.2832901,28.5572561],[77.2832964,28.557237],[77.2833116,28.5572084],[77.2834666,28.5569294],[77.2836614,28.5566484],[77.2836869,28.5566222],[77.2837282,28.5565845],[77.2837795,28.5565648],[77.2838169,28.5565509],[77.2838546,28.5565305],[77.2838887,28.5565061],[77.2839166,28.5564793],[77.2840795,28.5562502],[77.2845207,28.5556091],[77.284576,28.5555287],[77.2845943,28.5555158],[77.2846136,28.5555083],[77.2846448,28.5555064],[77.2846812,28.5555149],[77.2847188,28.5555384],[77.2847533,28.5555728],[77.2851655,28.556101],[77.2852915,28.5562831],[77.2853492,28.5563485],[77.2858327,28.5570782],[77.285863,28.5571242],[77.2859051,28.5571883],[77.2859144,28.5572151],[77.2859144,28.5572349],[77.2859105,28.5572524],[77.2858522,28.5573407],[77.2858433,28.5573629],[77.2858437,28.5573779],[77.2858483,28.5573957],[77.2858612,28.5574093],[77.2858742,28.5574164],[77.2865421,28.5577428],[77.2867637,28.5578894],[77.2868442,28.5579789],[77.286856,28.5582175],[77.2867388,28.5590761],[77.2866886,28.5594395],[77.2866923,28.5595616],[77.2867067,28.5596409],[77.2867796,28.559891],[77.2868827,28.5601668],[77.2870168,28.5605093],[77.2871029,28.5607474],[77.2872018,28.5610207],[77.2872665,28.5611782],[77.2873096,28.5612786],[77.2873436,28.5613492],[77.2874137,28.5614547],[77.2875455,28.5616175],[77.2878266,28.5619445],[77.2882858,28.5623001],[77.2883537,28.5623705]]}},{"type":"Feature","id":"way/164702328","properties":{"layer":"road","osmId":"way/164702328","tags":{"highway":"residential"}},"geometry":{"type":"LineString","coordinates":[[77.2880011,28.5582726],[77.2879969,28.5588343],[77.2879953,28.559053],[77.2879093,28.5591264],[77.287472,28.5592533],[77.2874124,28.5592758],[77.2873588,28.5593062],[77.2872995,28.5593523],[77.287222,28.5594116],[77.287164,28.5594593],[77.2871081,28.5594924],[77.2867067,28.5596409]]}},{"type":"Feature","id":"way/164702329","properties":{"layer":"road","osmId":"way/164702329","tags":{"highway":"residential"}},"geometry":{"type":"LineString","coordinates":[[77.2821897,28.5637556],[77.2820886,28.5636096],[77.282074,28.563584],[77.2820699,28.5635506],[77.2820772,28.5635199],[77.2821775,28.5633917],[77.2822008,28.5633511],[77.2822227,28.563287],[77.2822513,28.5632149],[77.2824559,28.5623044],[77.2827372,28.5612209],[77.2827765,28.5610606]]}},{"type":"Feature","id":"way/164702331","properties":{"layer":"road","osmId":"way/164702331","tags":{"highway":"residential"}},"geometry":{"type":"LineString","coordinates":[[77.2874177,28.5582471],[77.287403,28.5587092],[77.287404,28.5588257],[77.2873417,28.5588878],[77.2869139,28.5590277],[77.2867388,28.5590761]]}},{"type":"Feature","id":"way/164702334","properties":{"layer":"road","osmId":"way/164702334","tags":{"access":"private","highway":"service"}},"geometry":{"type":"LineString","coordinates":[[77.2781556,28.5633162],[77.2780348,28.5633176],[77.2775932,28.5633225],[77.2763889,28.563336],[77.2752731,28.5633454]]}},{"type":"Feature","id":"way/164702339","properties":{"layer":"road","osmId":"way/164702339","tags":{"highway":"tertiary"}},"geometry":{"type":"LineString","coordinates":[[77.2755639,28.5599805],[77.2760558,28.5590809],[77.2761565,28.5588968],[77.2762774,28.5586757],[77.2764734,28.5583172],[77.2765499,28.5581774],[77.276635,28.5580302],[77.2767929,28.5577887],[77.2769423,28.5575947],[77.2772667,28.5571585],[77.2774606,28.5569537],[77.277522,28.5568889],[77.2775945,28.5568123],[77.2776463,28.5567467],[77.2776786,28.5566983],[77.2777039,28.5566497],[77.2777173,28.5566154],[77.2777267,28.5565859],[77.2777297,28.5565432],[77.2777216,28.5564959],[77.2777056,28.5564618],[77.2776772,28.5564197],[77.277637,28.5563766],[77.2774993,28.5562497],[77.2769951,28.5558444],[77.2768536,28.5557507],[77.2763834,28.5554817],[77.2760279,28.5553162],[77.2758635,28.5552571],[77.2754887,28.5551335],[77.2752787,28.5550985],[77.2752094,28.5550932],[77.2750408,28.5550804],[77.2746669,28.5551094],[77.2743584,28.5551404],[77.2741618,28.555118],[77.2740163,28.555091],[77.2738399,28.555023],[77.2735189,28.5548879],[77.2734431,28.5548524],[77.2731971,28.5547372],[77.2729326,28.5545623],[77.2726875,28.5543555],[77.272371,28.5540162],[77.2722133,28.5538693]]}},{"type":"Feature","id":"way/164702340","properties":{"layer":"road","name":"Sailing Club Road","osmId":"way/164702340","tags":{"highway":"residential","name":"Sailing Club Road"}},"geometry":{"type":"LineString","coordinates":[[77.2884484,28.5648196],[77.2884882,28.5651675],[77.2885379,28.5653581],[77.2886816,28.5657114],[77.2887052,28.5657554],[77.2887522,28.5658124],[77.2889833,28.5660215],[77.2892252,28.566207],[77.2897421,28.5666577],[77.2901987,28.5668754],[77.291368,28.5674738],[77.2917378,28.5676579],[77.2920855,28.5678159],[77.292134,28.5678404],[77.2921726,28.5678663],[77.292223,28.5679096],[77.292527,28.5682025],[77.2926577,28.5683283],[77.2926949,28.5683579],[77.2927263,28.5683709],[77.2927602,28.5683817],[77.2928137,28.5683878],[77.2928633,28.5683821],[77.2929349,28.5683619],[77.2934706,28.5681368],[77.2935367,28.5680986],[77.2938531,28.5679161],[77.2940172,28.5678073],[77.2941078,28.5677068]]}},{"type":"Feature","id":"way/164702345","properties":{"layer":"road","osmId":"way/164702345","tags":{"highway":"tertiary"}},"geometry":{"type":"LineString","coordinates":[[77.2908019,28.5625461],[77.2907106,28.5620717],[77.2906656,28.561838],[77.2904233,28.5602755],[77.2904196,28.5602655],[77.2904147,28.5602594],[77.2904085,28.5602543],[77.2904014,28.5602518],[77.2898093,28.5602147],[77.2897722,28.5602124],[77.2895877,28.5602032],[77.2894503,28.5602061],[77.2894124,28.5602113],[77.2893825,28.5602194],[77.2893618,28.5602351],[77.2892877,28.5603144],[77.2890369,28.5605827],[77.2886044,28.5610454],[77.2881614,28.561613],[77.2878266,28.5619445],[77.2875184,28.562329]]}},{"type":"Feature","id":"way/164702347","properties":{"layer":"road","osmId":"way/164702347","tags":{"access":"private","highway":"service"}},"geometry":{"type":"LineString","coordinates":[[77.2825483,28.5628055],[77.2830097,28.5628079],[77.2830553,28.5627678],[77.2830489,28.5625653],[77.2830542,28.5623703],[77.2830488,28.5623326],[77.2830113,28.5623137],[77.282497,28.5623051],[77.2824559,28.5623044]]}},{"type":"Feature","id":"way/164702348","properties":{"layer":"road","osmId":"way/164702348","tags":{"highway":"tertiary"}},"geometry":{"type":"LineString","coordinates":[[77.2891527,28.5568051],[77.2888505,28.5568087],[77.2887708,28.5568082],[77.2887056,28.5568104],[77.2886309,28.5568183],[77.2886026,28.5568297],[77.2885797,28.5568468],[77.2885606,28.5568669],[77.2885327,28.5569145],[77.2885306,28.5569334],[77.2885326,28.5569547],[77.2885918,28.5571237],[77.2886543,28.5572754],[77.2886581,28.5573016],[77.2886584,28.5573321],[77.2886512,28.5573732],[77.2886243,28.5574243],[77.2885974,28.5574607],[77.2885663,28.5575029],[77.2885246,28.5575431],[77.2882818,28.5576821],[77.2881507,28.5577817],[77.2881115,28.5578199],[77.2880905,28.5578553],[77.2880848,28.5578813],[77.2880845,28.5579196],[77.2880891,28.5579744],[77.2881149,28.5581796],[77.28811,28.5582121],[77.2880898,28.5582416],[77.2880476,28.5582614],[77.2880011,28.5582726],[77.2874177,28.5582471],[77.286856,28.5582175]]}},{"type":"Feature","id":"way/164702351","properties":{"layer":"road","name":"Kalindi Kunj Road","osmId":"way/164702351","tags":{"highway":"secondary","name":"Kalindi Kunj Road"}},"geometry":{"type":"LineString","coordinates":[[77.2918565,28.5623146],[77.2914442,28.5624048]]}},{"type":"Feature","id":"way/164702353","properties":{"layer":"road","osmId":"way/164702353","tags":{"access":"private","highway":"service"}},"geometry":{"type":"LineString","coordinates":[[77.2794941,28.5610542],[77.2795055,28.5611916],[77.2795289,28.5614742],[77.2795505,28.5615523],[77.2795797,28.5616169],[77.279596,28.5616471],[77.2797896,28.562004],[77.2799008,28.5621732],[77.2799439,28.5622702],[77.279953,28.5622995],[77.2799785,28.5623814],[77.2799847,28.5624569],[77.2799756,28.5635646],[77.2799731,28.5638667],[77.2799775,28.563898],[77.2799878,28.5639281],[77.2800357,28.5640053],[77.280161,28.5641637],[77.2802992,28.5643437],[77.2804135,28.5644918],[77.2804431,28.5645263],[77.280464,28.5645493],[77.2805234,28.5646145]]}},{"type":"Feature","id":"way/169002217","properties":{"layer":"road","name":"Nafees road","osmId":"way/169002217","tags":{"highway":"residential","name":"Nafees road","surface":"concrete"}},"geometry":{"type":"LineString","coordinates":[[77.2886616,28.5729611],[77.2883784,28.5724468],[77.2882782,28.5722724],[77.2881715,28.5721041],[77.2880583,28.5719293],[77.2880276,28.5718848],[77.2880013,28.5718467],[77.2879355,28.5717514],[77.2878777,28.5716589],[77.2877722,28.5714969],[77.2877407,28.5714485],[77.2876643,28.5713331],[77.2874955,28.5710476],[77.2873772,28.5708144],[77.287279,28.5706423],[77.2872246,28.5705514],[77.2871726,28.5704527],[77.2869616,28.5700575],[77.286872,28.569869],[77.2868252,28.5697625],[77.2865008,28.569065],[77.2864194,28.5688988],[77.2860973,28.5682324],[77.2856476,28.5673406],[77.2855168,28.5670893],[77.2852626,28.566634],[77.2851922,28.5665103],[77.2849678,28.5661953],[77.2848836,28.5660651],[77.284828,28.5659826]]}},{"type":"Feature","id":"way/176159962","properties":{"layer":"road","name":"Kalindi Kunj Road","osmId":"way/176159962","tags":{"highway":"secondary","name":"Kalindi Kunj Road","surface":"concrete"}},"geometry":{"type":"LineString","coordinates":[[77.2858808,28.5624474],[77.2859711,28.5625755],[77.2862724,28.5630335],[77.2863678,28.5631856],[77.2865714,28.5634008],[77.2869407,28.5637194],[77.2876677,28.5643287],[77.2877846,28.5644266],[77.2878542,28.5644849],[77.2881595,28.5646783],[77.2882331,28.5647226],[77.2883739,28.5648016],[77.2884484,28.5648196],[77.2886585,28.5648826],[77.2889355,28.5649204]]}},{"type":"Feature","id":"way/176159963","properties":{"layer":"road","name":"Maulana Mohamed Ali Jauhar Marg","osmId":"way/176159963","tags":{"highway":"secondary","name":"Maulana Mohamed Ali Jauhar Marg"}},"geometry":{"type":"LineString","coordinates":[[77.2769993,28.5610486],[77.2781385,28.5610423],[77.2781632,28.5610422],[77.2794941,28.5610542],[77.280545,28.561058],[77.2809059,28.5610561],[77.2824463,28.5610482],[77.2826087,28.5610575],[77.2827765,28.5610606],[77.282893,28.5610763],[77.2830555,28.5611099],[77.2831934,28.5611517],[77.2847288,28.5617834],[77.2849549,28.5618763],[77.2854183,28.56207],[77.285526,28.5621172],[77.2857326,28.5622913],[77.2858808,28.5624474]]}},{"type":"Feature","id":"way/221688400","properties":{"layer":"poi","name":"Masihgarh Cemetery","osmId":"way/221688400","tags":{"barrier":"wall","landuse":"cemetery","name":"Masihgarh Cemetery"}},"geometry":{"type":"Polygon","coordinates":[[[77.281598,28.5548647],[77.2821076,28.5550107],[77.2827912,28.5550966],[77.2825649,28.5552062],[77.2820378,28.5555196],[77.2815497,28.555807],[77.2812975,28.5559625],[77.2805036,28.5565185],[77.2804124,28.5565892],[77.2798062,28.5560756],[77.281598,28.5548647]]]}},{"type":"Feature","id":"way/221688401","properties":{"layer":"poi","name":"Gaffar Manzil","osmId":"way/221688401","tags":{"landuse":"residential","name":"Gaffar Manzil"}},"geometry":{"type":"Polygon","coordinates":[[[77.2835452,28.5581158],[77.283218,28.5573195],[77.2845747,28.5554136],[77.2843606,28.5553547],[77.2841031,28.5553783],[77.2837485,28.5554796],[77.2834326,28.555383],[77.2827172,28.5562027],[77.2823207,28.5567416],[77.2826708,28.5569002],[77.2823972,28.557508],[77.282107,28.5579156],[77.2825206,28.5581441],[77.2828049,28.5577766],[77.2833628,28.5581064],[77.2835452,28.5581158]]]}},{"type":"Feature","id":"way/221688402","properties":{"layer":"campus_core","name":"Don Bosco Technical Institute","osmId":"way/221688402","tags":{"amenity":"college","barrier":"wall","name":"Don Bosco Technical Institute"}},"geometry":{"type":"Polygon","coordinates":[[[77.2780789,28.5596189],[77.2782101,28.5583618],[77.2769465,28.557713],[77.2756864,28.5599628],[77.276807,28.5604882],[77.2773118,28.5592561],[77.2780789,28.5596189]]]}},{"type":"Feature","id":"way/221688403","properties":{"layer":"poi","osmId":"way/221688403","tags":{"amenity":"place_of_worship","barrier":"wall","religion":"christian"}},"geometry":{"type":"Polygon","coordinates":[[[77.2782101,28.5583618],[77.2785885,28.5579415],[77.2780038,28.5574373],[77.2774191,28.5571405],[77.2769465,28.557713],[77.2782101,28.5583618]]]}},{"type":"Feature","id":"way/235103560","properties":{"layer":"road","osmId":"way/235103560","tags":{"access":"private","highway":"service"}},"geometry":{"type":"LineString","coordinates":[[77.2776474,28.5621255],[77.2763282,28.5621014],[77.2754633,28.5620934],[77.2752534,28.5620946],[77.2751342,28.5620949],[77.2739661,28.5620973]]}},{"type":"Feature","id":"way/252328678","properties":{"layer":"poi","name":"MUJEEB BAGH","osmId":"way/252328678","tags":{"landuse":"residential","name":"MUJEEB BAGH"}},"geometry":{"type":"Polygon","coordinates":[[[77.2899047,28.5580251],[77.2904593,28.5580792],[77.2906697,28.5571093],[77.290895,28.5561386],[77.2901226,28.5559831],[77.2898973,28.5569208],[77.2899047,28.5580251]]]}},{"type":"Feature","id":"way/252331694","properties":{"layer":"building","osmId":"way/252331694","tags":{"building":"yes"}},"geometry":{"type":"Polygon","coordinates":[[[77.2790344,28.5605462],[77.2792912,28.5605462],[77.2793146,28.560374],[77.2795714,28.560374],[77.2795901,28.560538],[77.2798703,28.5605421],[77.2798703,28.5602304],[77.2796041,28.5602386],[77.2796041,28.5600417],[77.2798796,28.5600417],[77.2798796,28.5597669],[77.2795527,28.5597751],[77.2795527,28.5599064],[77.2793613,28.5599105],[77.2793519,28.5597751],[77.279025,28.5597833],[77.279025,28.5600458],[77.2792819,28.5600376],[77.2792725,28.5602509],[77.279025,28.5602509],[77.2790344,28.5605462]]]}},{"type":"Feature","id":"way/252332070","properties":{"layer":"building","name":"JMI , FET LIBRARY","osmId":"way/252332070","tags":{"amenity":"library","building":"yes","name":"JMI , FET LIBRARY"}},"geometry":{"type":"Polygon","coordinates":[[[77.278433,28.5595313],[77.2788896,28.5595406],[77.2788931,28.5591769],[77.278433,28.5591894],[77.278433,28.5595313]]]}},{"type":"Feature","id":"way/252333089","properties":{"layer":"pitch","name":"JMI University Sports Complex","osmId":"way/252333089","tags":{"leisure":"sports_centre","name":"JMI University Sports Complex"}},"geometry":{"type":"Polygon","coordinates":[[[77.2782406,28.5611339],[77.2782225,28.5634001],[77.2787315,28.5634903],[77.2787292,28.5638779],[77.2799077,28.5638532],[77.2799211,28.5624586],[77.2799058,28.5622984],[77.2798433,28.5621571],[77.2797758,28.5620601],[77.2797119,28.5619662],[77.2796207,28.5618485],[77.2795563,28.5617621],[77.2795115,28.5616629],[77.2794482,28.5614962],[77.2794116,28.5614983],[77.2794115,28.5611441],[77.2782406,28.5611339]]]}},{"type":"Feature","id":"way/252334020","properties":{"layer":"building","name":"FX YOUTH","osmId":"way/252334020","tags":{"amenity":"cafe","building":"yes","name":"FX YOUTH"}},"geometry":{"type":"Polygon","coordinates":[[[77.2837114,28.5590475],[77.2835759,28.5592153],[77.2834372,28.5591098],[77.2833109,28.5590421],[77.2834711,28.5588689],[77.2837114,28.5590475]]]}},{"type":"Feature","id":"way/252334578","properties":{"layer":"road","osmId":"way/252334578","tags":{"access":"private","highway":"service"}},"geometry":{"type":"LineString","coordinates":[[77.2786226,28.5609881],[77.2786277,28.5608492],[77.278636,28.5606256],[77.2786372,28.5604097],[77.2786513,28.5600692],[77.2786512,28.5597828],[77.2786565,28.5597407],[77.2786665,28.5597227],[77.2786917,28.5597046],[77.2787294,28.5596908],[77.2790622,28.5596714],[77.2794919,28.5596673],[77.2799215,28.5596714],[77.2803321,28.5596833]]}},{"type":"Feature","id":"way/252334580","properties":{"layer":"road","osmId":"way/252334580","tags":{"access":"private","highway":"service"}},"geometry":{"type":"LineString","coordinates":[[77.278636,28.5606256],[77.2790669,28.5606312],[77.2794732,28.5606312],[77.2798033,28.5606211],[77.2798935,28.5606066],[77.2799533,28.5605876],[77.2800075,28.5605568],[77.2800769,28.5605227],[77.2801875,28.5604805],[77.2803096,28.5604564]]}},{"type":"Feature","id":"way/252334731","properties":{"layer":"poi","osmId":"way/252334731","tags":{"amenity":"parking"}},"geometry":{"type":"Polygon","coordinates":[[[77.2783274,28.5604481],[77.2785628,28.5604294],[77.2785672,28.5600528],[77.2783384,28.5600569],[77.2783186,28.5602289],[77.2783274,28.5604481]]]}},{"type":"Feature","id":"way/252334888","properties":{"layer":"poi","osmId":"way/252334888","tags":{"access":"yes","amenity":"bicycle_parking"}},"geometry":{"type":"Polygon","coordinates":[[[77.2786889,28.5605716],[77.279,28.5605739],[77.279,28.560303],[77.2786889,28.5602889],[77.2786889,28.5605716]]]}},{"type":"Feature","id":"way/252335079","properties":{"layer":"pitch","osmId":"way/252335079","tags":{"leisure":"park"}},"geometry":{"type":"Polygon","coordinates":[[[77.2787135,28.5602517],[77.2789937,28.5602496],[77.2789832,28.5600989],[77.2787077,28.5601051],[77.2787135,28.5602517]]]}},{"type":"Feature","id":"way/252335080","properties":{"layer":"pitch","osmId":"way/252335080","tags":{"leisure":"park"}},"geometry":{"type":"Polygon","coordinates":[[[77.2787054,28.5600661],[77.2789587,28.5600661],[77.2789704,28.5598497],[77.2789389,28.5597472],[77.278863,28.5597677],[77.278821,28.5598067],[77.2787042,28.5598589],[77.2787054,28.5600661]]]}},{"type":"Feature","id":"way/252335533","properties":{"layer":"poi","name":"JMI, Teachers quarters, C Block","osmId":"way/252335533","tags":{"landuse":"residential","name":"JMI, Teachers quarters, C Block"}},"geometry":{"type":"Polygon","coordinates":[[[77.280799,28.5648942],[77.2810848,28.5648779],[77.2821129,28.5648676],[77.2821117,28.5644559],[77.2818958,28.5644559],[77.2816764,28.5643471],[77.2815189,28.5641932],[77.281503,28.5640627],[77.2807757,28.5640627],[77.2804713,28.5640922],[77.2803704,28.5641124],[77.2803156,28.5641544],[77.280799,28.5648942]]]}},{"type":"Feature","id":"way/265031889","properties":{"layer":"poi","name":"Delhi Jal Board","osmId":"way/265031889","tags":{"barrier":"wall","landuse":"industrial","man_made":"wastewater_treatment","name":"Delhi Jal Board"}},"geometry":{"type":"Polygon","coordinates":[[[77.2732835,28.5653671],[77.2732897,28.564944],[77.273324,28.5625977],[77.2733264,28.5624366],[77.2733874,28.5624347],[77.2735508,28.5624297],[77.2752682,28.5624174],[77.2752915,28.5632759],[77.2780641,28.5632856],[77.2780994,28.5653505],[77.2732835,28.5653671]]]}},{"type":"Feature","id":"way/278041499","properties":{"layer":"campus_core","name":"Jamia Millia Islamia","osmId":"way/278041499","tags":{"amenity":"university","name":"Jamia Millia Islamia"}},"geometry":{"type":"Polygon","coordinates":[[[77.2815909,28.5661811],[77.2812722,28.5658385],[77.2815086,28.5656623],[77.2816786,28.5656329],[77.2816513,28.5655512],[77.2816711,28.5654967],[77.281748,28.5654531],[77.2818795,28.5654597],[77.2818944,28.5653856],[77.2819688,28.5653507],[77.2820309,28.5652832],[77.2821974,28.5654439],[77.2824815,28.5653392],[77.2827781,28.5656679],[77.2832789,28.5656329],[77.2836164,28.5654225],[77.2838845,28.5653095],[77.2836045,28.5650659],[77.2835174,28.565152],[77.2831944,28.5648141],[77.283071,28.5648906],[77.2827661,28.564591],[77.2828931,28.5644795],[77.2823197,28.5639217],[77.2821528,28.5640173],[77.2819205,28.5635692],[77.2824105,28.5632823],[77.2828315,28.563703],[77.2826355,28.5638114],[77.2837968,28.5649398],[77.2836952,28.5650163],[77.283993,28.5652937],[77.2843958,28.5651025],[77.2843051,28.5649973],[77.2844611,28.5649208],[77.2851035,28.5644108],[77.2853756,28.5645542],[77.2854627,28.5644267],[77.2856224,28.5645479],[77.285764,28.5645001],[77.285793,28.5645542],[77.2859157,28.5644689],[77.2860935,28.5642904],[77.2861407,28.5642235],[77.2860536,28.5628975],[77.2857736,28.5626531],[77.2856686,28.5624425],[77.2855416,28.5623118],[77.2852697,28.5620624],[77.2829398,28.5611731],[77.2826205,28.5611349],[77.2803739,28.5611398],[77.2794115,28.5611441],[77.2782406,28.5611339],[77.2782225,28.5634001],[77.2782291,28.5653279],[77.2787209,28.565316],[77.2788312,28.5651953],[77.2788888,28.5651656],[77.2790601,28.5652996],[77.2791296,28.5653026],[77.2792619,28.5652117],[77.2793857,28.5650851],[77.2799054,28.5645643],[77.2797879,28.5644568],[77.2801117,28.564223],[77.2807544,28.5649877],[77.2806873,28.5650361],[77.2807592,28.5651204],[77.2808048,28.5651941],[77.2807185,28.5653837],[77.280258,28.5656723],[77.2802999,28.5657207],[77.2799534,28.5659651],[77.2804851,28.5666431],[77.2815909,28.5661811]]]}},{"type":"Feature","id":"way/278046577","properties":{"layer":"road","name":"Maulana Mohamed Ali Jauhar Marg","osmId":"way/278046577","tags":{"highway":"secondary","name":"Maulana Mohamed Ali Jauhar Marg"}},"geometry":{"type":"LineString","coordinates":[[77.2859659,28.5624139],[77.2858531,28.5622557],[77.2856246,28.5620656],[77.2854406,28.5619847],[77.2854325,28.5619811],[77.2840947,28.561424],[77.2838689,28.56133],[77.2838046,28.5613061],[77.2830724,28.5610339],[77.2830153,28.5610127],[77.2828906,28.5609923],[77.2828127,28.5609796],[77.2825447,28.5609785],[77.2813031,28.5609815],[77.2809038,28.5609825],[77.2805568,28.5609834],[77.2803057,28.560984],[77.2786226,28.5609881],[77.278141,28.5609893],[77.2770498,28.5609741],[77.2770027,28.5609738]]}},{"type":"Feature","id":"way/296222968","properties":{"layer":"pitch","name":"Ashoka Park","osmId":"way/296222968","tags":{"leisure":"park","name":"Ashoka Park"}},"geometry":{"type":"Polygon","coordinates":[[[77.2770923,28.5677236],[77.2748967,28.5703738],[77.2754274,28.5713334],[77.2763535,28.5709618],[77.2767038,28.5712054],[77.2785907,28.5691462],[77.2778033,28.5684303],[77.2777236,28.5674769],[77.2776473,28.5669042],[77.2770923,28.5677236]]]}},{"type":"Feature","id":"way/316271002","properties":{"layer":"water","osmId":"way/316271002","tags":{"natural":"water","water":"canal"}},"geometry":{"type":"Polygon","coordinates":[[[77.2939948,28.5668039],[77.2940645,28.5667898],[77.2945036,28.5670058],[77.2945955,28.5668458],[77.2946473,28.5667556],[77.2940884,28.5665007],[77.2937451,28.5662322],[77.2932921,28.5656167],[77.2927366,28.5646539],[77.2921226,28.5633504],[77.2919134,28.5627615],[77.2918115,28.5622103],[77.2917281,28.5620673],[77.2915671,28.5612851],[77.2915272,28.5610795],[77.2915057,28.5610324],[77.2914223,28.5609883],[77.2913984,28.5608957],[77.2914091,28.5607874],[77.2913555,28.5603256],[77.2914199,28.5602785],[77.2914091,28.5600853],[77.2913579,28.5599753],[77.2913877,28.5597131],[77.2913501,28.5596047],[77.2913823,28.5595011],[77.2914413,28.5583279],[77.2911892,28.5582807],[77.2911199,28.5587606],[77.2910444,28.5591194],[77.2910414,28.5593157],[77.2910175,28.5595199],[77.2910345,28.5599193],[77.2910551,28.5604057],[77.2911087,28.5606837],[77.2910629,28.5609883],[77.2910819,28.5611172],[77.2910521,28.5613087],[77.2911702,28.5616998],[77.2912107,28.5617391],[77.291334,28.5620736],[77.2914867,28.5623264],[77.2918437,28.5632091],[77.2922245,28.5641655],[77.2923533,28.564354],[77.2928253,28.5652586],[77.2931633,28.5658004],[77.293233,28.5658334],[77.2932652,28.5659417],[77.2937909,28.5666249],[77.293788,28.5667033],[77.2938339,28.5667003],[77.2939948,28.5668039]]]}},{"type":"Feature","id":"way/316271005","properties":{"layer":"water","osmId":"way/316271005","tags":{"natural":"water","water":"canal"}},"geometry":{"type":"Polygon","coordinates":[[[77.29554,28.5491199],[77.2955153,28.5491615],[77.295411,28.5492197],[77.2954671,28.5493453],[77.2953812,28.5494536],[77.2953651,28.5495337],[77.2942869,28.5514092],[77.2940991,28.551739],[77.2937612,28.5522008],[77.2934554,28.5526201],[77.2933106,28.5531337],[77.2923825,28.5547405],[77.2921572,28.5552541],[77.2920285,28.555485],[77.291967,28.5556657],[77.2919104,28.55573],[77.291889,28.5558478],[77.2917954,28.5560379],[77.2916047,28.5565829],[77.2914789,28.5569991],[77.2913472,28.5573839],[77.2911892,28.5582807],[77.2914413,28.5583279],[77.2916559,28.5573054],[77.2918302,28.556707],[77.2921709,28.5558966],[77.2927878,28.5546809],[77.2935495,28.5533804],[77.2936407,28.5533286],[77.2941879,28.5524569],[77.2946423,28.5516609],[77.2951589,28.5507558],[77.2955773,28.5499972],[77.2957221,28.5498511],[77.2959676,28.5494164],[77.295974,28.5492961],[77.29554,28.5491199]]]}},{"type":"Feature","id":"way/351338442","properties":{"layer":"building","osmId":"way/351338442","tags":{"building":"yes"}},"geometry":{"type":"Polygon","coordinates":[[[77.2774442,28.5656457],[77.2775354,28.5656457],[77.2775354,28.5654139],[77.2774442,28.5654139],[77.2774442,28.5656457]]]}},{"type":"Feature","id":"way/351338592","properties":{"layer":"building","osmId":"way/351338592","tags":{"building":"yes"}},"geometry":{"type":"Polygon","coordinates":[[[77.2775626,28.5656275],[77.2776554,28.5656275],[77.2776554,28.5654097],[77.2775626,28.5654097],[77.2775626,28.5656275]]]}},{"type":"Feature","id":"way/351338813","properties":{"layer":"building","osmId":"way/351338813","tags":{"building":"yes"}},"geometry":{"type":"Polygon","coordinates":[[[77.2776938,28.5656317],[77.2778122,28.5656317],[77.2778122,28.5654055],[77.2776938,28.5654055],[77.2776938,28.5656317]]]}},{"type":"Feature","id":"way/351339099","properties":{"layer":"building","osmId":"way/351339099","tags":{"building":"yes"}},"geometry":{"type":"Polygon","coordinates":[[[77.277897,28.5656443],[77.2780192,28.5656443],[77.2780192,28.5654139],[77.277897,28.5654139],[77.277897,28.5656443]]]}},{"type":"Feature","id":"way/351388437","properties":{"layer":"building","osmId":"way/351388437","tags":{"building":"yes","building:levels":"1"}},"geometry":{"type":"Polygon","coordinates":[[[77.2815503,28.5607405],[77.2817871,28.560739],[77.2817864,28.5606448],[77.2816488,28.5606457],[77.281647,28.5604252],[77.2818521,28.560424],[77.2818533,28.5605746],[77.2819551,28.560574],[77.2819532,28.5603389],[77.2815471,28.5603414],[77.2815503,28.5607405]]]}},{"type":"Feature","id":"way/351388439","properties":{"layer":"building","osmId":"way/351388439","tags":{"building":"yes"}},"geometry":{"type":"Polygon","coordinates":[[[77.2783797,28.5649584],[77.2787531,28.5649502],[77.278751,28.564878],[77.2787871,28.5648772],[77.2787816,28.564688],[77.2786425,28.5646911],[77.27864,28.5646039],[77.278552,28.5646059],[77.2785504,28.5645516],[77.2783682,28.5645556],[77.2783797,28.5649584]]]}},{"type":"Feature","id":"way/351388440","properties":{"layer":"building","osmId":"way/351388440","tags":{"building":"yes"}},"geometry":{"type":"Polygon","coordinates":[[[77.2777853,28.5567377],[77.2781813,28.5570408],[77.2783547,28.556866],[77.2782153,28.5567592],[77.2781352,28.55684],[77.2780253,28.5567559],[77.2779987,28.5567827],[77.277958,28.5567515],[77.2779846,28.5567247],[77.2779106,28.5566681],[77.2778805,28.5566985],[77.2778486,28.556674],[77.2777853,28.5567377]]]}},{"type":"Feature","id":"way/351388445","properties":{"layer":"building","osmId":"way/351388445","tags":{"building":"yes"}},"geometry":{"type":"Polygon","coordinates":[[[77.2773223,28.5554272],[77.2780048,28.5559369],[77.2780642,28.5558756],[77.2780337,28.5558529],[77.2780638,28.5558218],[77.2779861,28.5557638],[77.2779559,28.555795],[77.2778996,28.555753],[77.2779299,28.5557218],[77.277856,28.5556666],[77.27783,28.5556935],[77.277774,28.5556517],[77.2778,28.5556248],[77.2777286,28.5555714],[77.2776874,28.555614],[77.277654,28.5555891],[77.2776952,28.5555465],[77.2775961,28.5554725],[77.2775623,28.5555073],[77.2775042,28.5554639],[77.2775595,28.5554068],[77.2775886,28.5554285],[77.2776554,28.5553595],[77.2775001,28.5552435],[77.2773223,28.5554272]]]}},{"type":"Feature","id":"way/351388446","properties":{"layer":"building","osmId":"way/351388446","tags":{"building":"yes"}},"geometry":{"type":"Polygon","coordinates":[[[77.2780697,28.5559896],[77.27871,28.5565063],[77.2788941,28.5563302],[77.2787678,28.5562283],[77.2786958,28.5562972],[77.2787133,28.5563114],[77.2786708,28.556352],[77.2786237,28.556314],[77.2786483,28.5562905],[77.2785782,28.556234],[77.27855,28.5562609],[77.2784984,28.5562193],[77.2785266,28.5561923],[77.2784446,28.5561261],[77.2784114,28.5561579],[77.2783642,28.5561197],[77.2783974,28.556088],[77.2783181,28.5560241],[77.2782749,28.5560654],[77.2782257,28.5560257],[77.2782885,28.5559656],[77.2783154,28.5559874],[77.2783709,28.5559343],[77.2783462,28.5559143],[77.278361,28.5559001],[77.2782538,28.5558136],[77.2780697,28.5559896]]]}},{"type":"Feature","id":"way/351388447","properties":{"layer":"building","osmId":"way/351388447","tags":{"building":"yes"}},"geometry":{"type":"Polygon","coordinates":[[[77.2781335,28.5551038],[77.2786811,28.5555047],[77.2786412,28.5555467],[77.2786984,28.5555886],[77.2787329,28.5555523],[77.278808,28.5556073],[77.2788634,28.5555489],[77.2788331,28.5555268],[77.2788827,28.5554745],[77.278913,28.5554967],[77.2789714,28.555435],[77.2788272,28.5553295],[77.2787604,28.5553998],[77.2787882,28.5554201],[77.2787495,28.5554608],[77.2787004,28.5554248],[77.2787316,28.5553919],[77.278378,28.555133],[77.2783531,28.5551592],[77.2783001,28.5551204],[77.2783509,28.555067],[77.2783904,28.5550959],[77.2784464,28.5550369],[77.2782992,28.5549292],[77.278248,28.5549831],[77.2782694,28.5549988],[77.2782161,28.555055],[77.2781947,28.5550393],[77.2781335,28.5551038]]]}},{"type":"Feature","id":"way/351388448","properties":{"layer":"building","osmId":"way/351388448","tags":{"building":"yes"}},"geometry":{"type":"Polygon","coordinates":[[[77.277728,28.5561982],[77.2777733,28.556154],[77.2777443,28.5561311],[77.2778082,28.5560686],[77.2778372,28.5560915],[77.2778976,28.5560324],[77.2772561,28.5555262],[77.2771622,28.555618],[77.2772691,28.5557023],[77.277293,28.5556789],[77.2773477,28.5557221],[77.2773238,28.5557455],[77.2773926,28.5557998],[77.2774207,28.5557722],[77.2774726,28.5558131],[77.2774444,28.5558407],[77.2775186,28.5558992],[77.2775456,28.5558727],[77.2775661,28.555889],[77.2775307,28.5559236],[77.2775768,28.55596],[77.2775867,28.5559503],[77.2776538,28.5560033],[77.2776901,28.5559678],[77.2777356,28.5560038],[77.2776851,28.5560532],[77.2776593,28.5560329],[77.2775964,28.5560944],[77.277728,28.5561982]]]}},{"type":"Feature","id":"way/351388449","properties":{"layer":"building","osmId":"way/351388449","tags":{"building":"yes"}},"geometry":{"type":"Polygon","coordinates":[[[77.2790282,28.5553861],[77.2790789,28.5553372],[77.2790602,28.5553223],[77.2791133,28.555271],[77.2791319,28.5552858],[77.2791866,28.555233],[77.2785371,28.5547148],[77.2783627,28.5548835],[77.2785003,28.5549932],[77.278563,28.5549326],[77.2785343,28.5549097],[77.2785875,28.5548582],[77.2786389,28.5548992],[77.2785975,28.5549392],[77.2786697,28.5549968],[77.2787067,28.554961],[77.2787557,28.5550001],[77.2787187,28.5550359],[77.2788036,28.5551037],[77.2788443,28.5550644],[77.2788863,28.5550979],[77.2788456,28.5551372],[77.2789336,28.5552074],[77.2789758,28.5551666],[77.2790166,28.5551991],[77.2789773,28.5552371],[77.2789565,28.5552205],[77.2788951,28.5552799],[77.2790282,28.5553861]]]}},{"type":"Feature","id":"way/351388450","properties":{"layer":"building","osmId":"way/351388450","tags":{"building":"yes"}},"geometry":{"type":"Polygon","coordinates":[[[77.2788701,28.5556652],[77.2789302,28.555712],[77.2789153,28.5557268],[77.2789636,28.5557644],[77.2789807,28.5557474],[77.2791823,28.5559045],[77.2791652,28.5559215],[77.2792104,28.5559567],[77.2792288,28.5559385],[77.279256,28.5559596],[77.2793196,28.5558966],[77.2792988,28.5558804],[77.2793485,28.5558312],[77.2793693,28.5558474],[77.2794332,28.5557841],[77.2792961,28.5556773],[77.2792284,28.5557444],[77.2792655,28.5557733],[77.2792184,28.5558199],[77.2791761,28.555787],[77.2792021,28.5557613],[77.2791154,28.5556938],[77.279087,28.555722],[77.2790326,28.5556796],[77.27906,28.5556525],[77.2789801,28.5555902],[77.2789512,28.5556189],[77.278932,28.5556039],[77.2788701,28.5556652]]]}},{"type":"Feature","id":"way/351388451","properties":{"layer":"building","osmId":"way/351388451","tags":{"building":"yes"}},"geometry":{"type":"Polygon","coordinates":[[[77.2776101,28.5551746],[77.2777482,28.5552763],[77.2778096,28.5552119],[77.2777794,28.5551897],[77.2778245,28.5551424],[77.2778758,28.5551802],[77.2778463,28.5552111],[77.2779265,28.5552702],[77.2779577,28.5552375],[77.2780102,28.5552761],[77.277979,28.5553088],[77.2780505,28.5553615],[77.2780771,28.5553335],[77.2781315,28.5553735],[77.2781048,28.5554015],[77.2781928,28.5554662],[77.2782167,28.5554412],[77.2782676,28.5554787],[77.2782437,28.5555037],[77.2782938,28.5555406],[77.2783058,28.555528],[77.2783431,28.5555555],[77.2783631,28.5555346],[77.2783871,28.5555522],[77.2784475,28.5554889],[77.2777795,28.5549971],[77.2777182,28.5550613],[77.2777413,28.5550783],[77.277689,28.5551332],[77.2776659,28.5551162],[77.2776101,28.5551746]]]}},{"type":"Feature","id":"way/351388452","properties":{"layer":"building","osmId":"way/351388452","tags":{"building":"yes"}},"geometry":{"type":"Polygon","coordinates":[[[77.2791593,28.5560751],[77.2785038,28.5555574],[77.2784466,28.5556133],[77.2784719,28.5556333],[77.278428,28.5556762],[77.2784027,28.5556562],[77.2783504,28.5557073],[77.2784469,28.5557835],[77.278433,28.555797],[77.2784759,28.5558308],[77.2785285,28.5557794],[77.2784973,28.5557548],[77.2785291,28.5557237],[77.2785631,28.5557505],[77.2785876,28.5557266],[77.2786089,28.5557434],[77.2785844,28.5557674],[77.2786585,28.5558258],[77.2786864,28.5557986],[77.278736,28.5558377],[77.278708,28.555865],[77.2787825,28.5559238],[77.2788065,28.5559003],[77.278859,28.5559418],[77.278835,28.5559653],[77.278915,28.5560284],[77.2789438,28.5560003],[77.2789886,28.5560357],[77.2789374,28.5560858],[77.2789055,28.5560606],[77.2788435,28.5561211],[77.2789921,28.5562385],[77.2791593,28.5560751]]]}},{"type":"Feature","id":"way/351388454","properties":{"layer":"building","osmId":"way/351388454","tags":{"building":"yes"}},"geometry":{"type":"Polygon","coordinates":[[[77.2786128,28.5565994],[77.2779665,28.5560977],[77.2779125,28.5561514],[77.2779439,28.5561759],[77.2779153,28.5562043],[77.2779896,28.5562621],[77.2780125,28.5562394],[77.2780663,28.5562811],[77.2780378,28.5563095],[77.2781101,28.5563656],[77.2781374,28.5563385],[77.2781838,28.5563745],[77.278152,28.5564061],[77.2782344,28.55647],[77.2782598,28.5564448],[77.2782819,28.556462],[77.2782452,28.5564984],[77.2782843,28.5565288],[77.2782935,28.5565196],[77.2783626,28.5565733],[77.2783924,28.5565437],[77.2784238,28.556568],[77.2784324,28.5565595],[77.2784586,28.5565798],[77.2784081,28.55663],[77.2783736,28.5566032],[77.2783132,28.5566631],[77.2784455,28.5567658],[77.2785002,28.5567114],[77.2784739,28.556691],[77.2785227,28.5566425],[77.278549,28.5566629],[77.2786128,28.5565994]]]}},{"type":"Feature","id":"way/351388457","properties":{"layer":"building","osmId":"way/351388457","tags":{"building":"yes"}},"geometry":{"type":"Polygon","coordinates":[[[77.2883661,28.5609901],[77.2884786,28.5610618],[77.2886225,28.5608876],[77.2885101,28.5608159],[77.2883661,28.5609901]]]}},{"type":"Feature","id":"way/351388479","properties":{"layer":"building","osmId":"way/351388479","tags":{"building":"yes"}},"geometry":{"type":"Polygon","coordinates":[[[77.2792506,28.565186],[77.2796105,28.5648207],[77.2794631,28.5647086],[77.2791032,28.5650739],[77.2792506,28.565186]]]}},{"type":"Feature","id":"way/351388515","properties":{"layer":"building","osmId":"way/351388515","tags":{"building":"yes"}},"geometry":{"type":"Polygon","coordinates":[[[77.2801804,28.5634146],[77.2805403,28.563416],[77.280541,28.563287],[77.280181,28.5632856],[77.2801804,28.5634146]]]}},{"type":"Feature","id":"way/351388519","properties":{"layer":"building","osmId":"way/351388519","tags":{"building":"yes"}},"geometry":{"type":"Polygon","coordinates":[[[77.2800702,28.5622256],[77.2801867,28.5622197],[77.2801709,28.5619782],[77.2800544,28.5619841],[77.2800702,28.5622256]]]}},{"type":"Feature","id":"way/351388520","properties":{"layer":"building","osmId":"way/351388520","tags":{"building":"yes"}},"geometry":{"type":"Polygon","coordinates":[[[77.2774681,28.5565852],[77.2775744,28.5564938],[77.2775008,28.5564277],[77.2773945,28.5565191],[77.2774681,28.5565852]]]}},{"type":"Feature","id":"way/351388536","properties":{"layer":"building","osmId":"way/351388536","tags":{"building":"yes"}},"geometry":{"type":"Polygon","coordinates":[[[77.2773123,28.556562],[77.2774933,28.5563872],[77.2774197,28.5563284],[77.2772387,28.5565033],[77.2773123,28.556562]]]}},{"type":"Feature","id":"way/351388548","properties":{"layer":"building","osmId":"way/351388548","tags":{"building":"yes"}},"geometry":{"type":"Polygon","coordinates":[[[77.2839714,28.5593865],[77.2841234,28.5592221],[77.2838424,28.5590217],[77.2836904,28.5591861],[77.2839714,28.5593865]]]}},{"type":"Feature","id":"way/351388555","properties":{"layer":"building","osmId":"way/351388555","tags":{"building":"commercial","building:levels":"2"}},"geometry":{"type":"Polygon","coordinates":[[[77.2901074,28.5611068],[77.2903793,28.5611011],[77.2903734,28.5608787],[77.2901014,28.5608843],[77.2901074,28.5611068]]]}},{"type":"Feature","id":"way/351388576","properties":{"layer":"building","osmId":"way/351388576","tags":{"building":"yes"}},"geometry":{"type":"Polygon","coordinates":[[[77.2773627,28.5590596],[77.2777168,28.5592236],[77.2777711,28.5591331],[77.277417,28.5589692],[77.2773627,28.5590596]]]}},{"type":"Feature","id":"way/351388585","properties":{"layer":"building","osmId":"way/351388585","tags":{"building":"yes","building:levels":"2"}},"geometry":{"type":"Polygon","coordinates":[[[77.2802081,28.5631937],[77.2805904,28.5631937],[77.2805904,28.5629155],[77.2802081,28.5629155],[77.2802081,28.5631937]]]}},{"type":"Feature","id":"way/351388596","properties":{"layer":"building","osmId":"way/351388596","tags":{"building":"yes"}},"geometry":{"type":"Polygon","coordinates":[[[77.2844844,28.5631869],[77.2846908,28.5632698],[77.2847553,28.5631459],[77.2845489,28.563063],[77.2844844,28.5631869]]]}},{"type":"Feature","id":"way/351388619","properties":{"layer":"building","name":"Department of Economics","osmId":"way/351388619","tags":{"building":"yes","name":"Department of Economics"}},"geometry":{"type":"Polygon","coordinates":[[[77.2807557,28.5622496],[77.2811973,28.5622482],[77.2811967,28.5621035],[77.2807551,28.5621049],[77.2807557,28.5622496]]]}},{"type":"Feature","id":"way/351388625","properties":{"layer":"building","osmId":"way/351388625","tags":{"building":"yes"}},"geometry":{"type":"Polygon","coordinates":[[[77.280683,28.5636252],[77.2812013,28.5635943],[77.2811817,28.5633404],[77.2806634,28.5633713],[77.280683,28.5636252]]]}},{"type":"Feature","id":"way/351388659","properties":{"layer":"building","osmId":"way/351388659","tags":{"building":"commercial","building:levels":"2"}},"geometry":{"type":"Polygon","coordinates":[[[77.2843436,28.5634553],[77.2845733,28.5635445],[77.2846901,28.5633127],[77.2844604,28.5632234],[77.2843436,28.5634553]]]}},{"type":"Feature","id":"way/351388680","properties":{"layer":"building","osmId":"way/351388680","tags":{"building":"yes"}},"geometry":{"type":"Polygon","coordinates":[[[77.2819652,28.5629915],[77.2822131,28.5630365],[77.2822407,28.5629194],[77.2819927,28.5628744],[77.2819652,28.5629915]]]}},{"type":"Feature","id":"way/351388727","properties":{"layer":"building","osmId":"way/351388727","tags":{"building":"yes"}},"geometry":{"type":"Polygon","coordinates":[[[77.2780919,28.5571372],[77.2776903,28.5568292],[77.2776001,28.5569199],[77.2780017,28.5572279],[77.2780919,28.5571372]]]}},{"type":"Feature","id":"way/351388743","properties":{"layer":"building","osmId":"way/351388743","tags":{"building":"yes"}},"geometry":{"type":"Polygon","coordinates":[[[77.2818921,28.5607176],[77.2820957,28.5607087],[77.2820899,28.560607],[77.2818863,28.5606159],[77.2818921,28.5607176]]]}},{"type":"Feature","id":"way/351388758","properties":{"layer":"building","osmId":"way/351388758","tags":{"building":"yes"}},"geometry":{"type":"Polygon","coordinates":[[[77.2834957,28.563215],[77.2837284,28.563301],[77.2838772,28.5629905],[77.2836445,28.5629045],[77.2834957,28.563215]]]}},{"type":"Feature","id":"way/351388760","properties":{"layer":"building","osmId":"way/351388760","tags":{"building":"yes"}},"geometry":{"type":"Polygon","coordinates":[[[77.2813391,28.5632112],[77.2817241,28.5631987],[77.2817113,28.5628966],[77.2813263,28.5629091],[77.2813391,28.5632112]]]}},{"type":"Feature","id":"way/351388775","properties":{"layer":"building","osmId":"way/351388775","tags":{"building":"yes"}},"geometry":{"type":"Polygon","coordinates":[[[77.2807003,28.5638825],[77.2812426,28.5638685],[77.2812344,28.563623],[77.2806921,28.5636371],[77.2807003,28.5638825]]]}},{"type":"Feature","id":"way/351388780","properties":{"layer":"building","osmId":"way/351388780","tags":{"building":"yes"}},"geometry":{"type":"Polygon","coordinates":[[[77.2820609,28.5621625],[77.2822336,28.5621572],[77.2822256,28.5619576],[77.2820529,28.561963],[77.2820609,28.5621625]]]}},{"type":"Feature","id":"way/351388815","properties":{"layer":"building","osmId":"way/351388815","tags":{"building":"yes"}},"geometry":{"type":"Polygon","coordinates":[[[77.2847005,28.5628885],[77.2848948,28.5629588],[77.2849349,28.5628732],[77.2851091,28.5629363],[77.2851652,28.5628169],[77.2847968,28.5626835],[77.2847005,28.5628885]]]}},{"type":"Feature","id":"way/351388817","properties":{"layer":"building","osmId":"way/351388817","tags":{"building":"yes"}},"geometry":{"type":"Polygon","coordinates":[[[77.2848495,28.5625949],[77.2851822,28.5627129],[77.2852497,28.5625662],[77.2850514,28.5624959],[77.2850767,28.562441],[77.2849422,28.5623933],[77.2848495,28.5625949]]]}},{"type":"Feature","id":"way/351388819","properties":{"layer":"building","osmId":"way/351388819","tags":{"building":"yes"}},"geometry":{"type":"Polygon","coordinates":[[[77.2850699,28.5635775],[77.2851938,28.5636268],[77.2852089,28.5635975],[77.2852529,28.563615],[77.2852816,28.5635593],[77.2853125,28.5635715],[77.2853759,28.5634486],[77.2851771,28.5633695],[77.2850699,28.5635775]]]}},{"type":"Feature","id":"way/351388820","properties":{"layer":"building","osmId":"way/351388820","tags":{"building":"yes","building:levels":"3"}},"geometry":{"type":"Polygon","coordinates":[[[77.2816527,28.5602894],[77.2817599,28.5602874],[77.2817525,28.5599796],[77.2818851,28.5599771],[77.2818926,28.5602849],[77.2820112,28.5602827],[77.2820016,28.5598865],[77.2816431,28.5598932],[77.2816527,28.5602894]]]}},{"type":"Feature","id":"way/351388825","properties":{"layer":"building","osmId":"way/351388825","tags":{"building":"yes"}},"geometry":{"type":"Polygon","coordinates":[[[77.2772591,28.557524],[77.2775047,28.5576506],[77.2775697,28.5575533],[77.2774284,28.5574804],[77.2774949,28.5573808],[77.2777136,28.5574935],[77.277782,28.5573911],[77.2774591,28.5572247],[77.2772591,28.557524]]]}},{"type":"Feature","id":"way/352781781","properties":{"layer":"building","osmId":"way/352781781","tags":{"building":"yes"}},"geometry":{"type":"Polygon","coordinates":[[[77.2809004,28.559655],[77.2812137,28.5596485],[77.2812078,28.5594277],[77.2808945,28.5594342],[77.2809004,28.559655]]]}},{"type":"Feature","id":"way/352801012","properties":{"layer":"building","osmId":"way/352801012","tags":{"building":"yes"}},"geometry":{"type":"Polygon","coordinates":[[[77.2883555,28.5557776],[77.2885815,28.5557615],[77.2885741,28.5556818],[77.2883482,28.5556978],[77.2883555,28.5557776]]]}},{"type":"Feature","id":"way/352801018","properties":{"layer":"building","osmId":"way/352801018","tags":{"building":"yes"}},"geometry":{"type":"Polygon","coordinates":[[[77.2908358,28.5549798],[77.2910207,28.5550381],[77.2910522,28.554961],[77.2908673,28.5549027],[77.2908358,28.5549798]]]}},{"type":"Feature","id":"way/352801021","properties":{"layer":"building","osmId":"way/352801021","tags":{"building":"yes"}},"geometry":{"type":"Polygon","coordinates":[[[77.2876185,28.5544013],[77.2877022,28.5543997],[77.2876997,28.5543032],[77.287616,28.5543049],[77.2876185,28.5544013]]]}},{"type":"Feature","id":"way/352801023","properties":{"layer":"building","osmId":"way/352801023","tags":{"building":"yes"}},"geometry":{"type":"Polygon","coordinates":[[[77.2869017,28.5594904],[77.286981,28.5594677],[77.2869304,28.5593312],[77.2868511,28.5593539],[77.2869017,28.5594904]]]}},{"type":"Feature","id":"way/352801025","properties":{"layer":"building","osmId":"way/352801025","tags":{"building":"yes"}},"geometry":{"type":"Polygon","coordinates":[[[77.2877856,28.554886],[77.2879302,28.5548633],[77.2878994,28.5547116],[77.2877548,28.5547343],[77.2877856,28.554886]]]}},{"type":"Feature","id":"way/352801027","properties":{"layer":"building","osmId":"way/352801027","tags":{"building":"yes"}},"geometry":{"type":"Polygon","coordinates":[[[77.2890592,28.5562502],[77.2892701,28.5562936],[77.2893034,28.5561683],[77.2890925,28.556125],[77.2890592,28.5562502]]]}},{"type":"Feature","id":"way/352801030","properties":{"layer":"building","osmId":"way/352801030","tags":{"building":"yes"}},"geometry":{"type":"Polygon","coordinates":[[[77.2909604,28.5554874],[77.2911445,28.555542],[77.2912299,28.5553199],[77.2910459,28.5552652],[77.2909978,28.5553901],[77.2911304,28.5554295],[77.2911165,28.5554657],[77.2909839,28.5554264],[77.2909604,28.5554874]]]}},{"type":"Feature","id":"way/352801033","properties":{"layer":"building","osmId":"way/352801033","tags":{"building":"yes"}},"geometry":{"type":"Polygon","coordinates":[[[77.2881306,28.5552416],[77.2882598,28.5552179],[77.2882179,28.5550413],[77.2880886,28.555065],[77.2881306,28.5552416]]]}},{"type":"Feature","id":"way/352801043","properties":{"layer":"building","osmId":"way/352801043","tags":{"building":"yes"}},"geometry":{"type":"Polygon","coordinates":[[[77.28772,28.5544615],[77.2878015,28.5544602],[77.2877998,28.5543759],[77.2877182,28.5543772],[77.28772,28.5544615]]]}},{"type":"Feature","id":"way/352801046","properties":{"layer":"building","osmId":"way/352801046","tags":{"building":"yes"}},"geometry":{"type":"Polygon","coordinates":[[[77.2884617,28.5560281],[77.2886543,28.5560113],[77.2886383,28.5558693],[77.2884456,28.5558861],[77.2884617,28.5560281]]]}},{"type":"Feature","id":"way/352801049","properties":{"layer":"building","osmId":"way/352801049","tags":{"building":"yes"}},"geometry":{"type":"Polygon","coordinates":[[[77.2875589,28.5561732],[77.2876539,28.5561576],[77.2876194,28.5559951],[77.2875244,28.5560106],[77.2875589,28.5561732]]]}},{"type":"Feature","id":"way/352801052","properties":{"layer":"building","osmId":"way/352801052","tags":{"building":"yes"}},"geometry":{"type":"Polygon","coordinates":[[[77.2876131,28.5549402],[77.2876787,28.5549291],[77.2876386,28.5547468],[77.287573,28.5547579],[77.2876131,28.5549402]]]}},{"type":"Feature","id":"way/352801055","properties":{"layer":"building","osmId":"way/352801055","tags":{"building":"yes"}},"geometry":{"type":"Polygon","coordinates":[[[77.2907455,28.5551695],[77.2909232,28.555228],[77.2909592,28.5551437],[77.2907815,28.5550852],[77.2907455,28.5551695]]]}},{"type":"Feature","id":"way/352801058","properties":{"layer":"building","osmId":"way/352801058","tags":{"building":"yes"}},"geometry":{"type":"Polygon","coordinates":[[[77.2892731,28.5553269],[77.289452,28.5553653],[77.2895013,28.5551876],[77.2893224,28.5551493],[77.2892731,28.5553269]]]}},{"type":"Feature","id":"way/352801063","properties":{"layer":"building","osmId":"way/352801063","tags":{"building":"yes"}},"geometry":{"type":"Polygon","coordinates":[[[77.2887402,28.5606331],[77.2888412,28.5607005],[77.2890348,28.5604768],[77.2889338,28.5604094],[77.2887402,28.5606331]]]}},{"type":"Feature","id":"way/352801065","properties":{"layer":"building","osmId":"way/352801065","tags":{"building":"yes"}},"geometry":{"type":"Polygon","coordinates":[[[77.2877707,28.5550801],[77.2878727,28.5550656],[77.2878439,28.5549093],[77.2877419,28.5549238],[77.2877707,28.5550801]]]}},{"type":"Feature","id":"way/352801069","properties":{"layer":"building","osmId":"way/352801069","tags":{"building":"yes"}},"geometry":{"type":"Polygon","coordinates":[[[77.2855724,28.5543966],[77.2857895,28.5544248],[77.2858195,28.5542465],[77.2856024,28.5542183],[77.2855724,28.5543966]]]}},{"type":"Feature","id":"way/352801072","properties":{"layer":"building","osmId":"way/352801072","tags":{"building":"yes"}},"geometry":{"type":"Polygon","coordinates":[[[77.2894215,28.5560595],[77.289522,28.5560796],[77.2895442,28.555994],[77.2894437,28.5559739],[77.2894215,28.5560595]]]}},{"type":"Feature","id":"way/352801075","properties":{"layer":"building","osmId":"way/352801075","tags":{"building":"yes"}},"geometry":{"type":"Polygon","coordinates":[[[77.2908642,28.5548785],[77.2910544,28.5549413],[77.2910985,28.5548382],[77.2909084,28.5547754],[77.2908642,28.5548785]]]}},{"type":"Feature","id":"way/352801083","properties":{"layer":"building","osmId":"way/352801083","tags":{"building":"yes"}},"geometry":{"type":"Polygon","coordinates":[[[77.2868672,28.5556676],[77.2869743,28.5556531],[77.2869447,28.5554852],[77.2868376,28.5554997],[77.2868672,28.5556676]]]}},{"type":"Feature","id":"way/352801087","properties":{"layer":"building","osmId":"way/352801087","tags":{"building":"yes"}},"geometry":{"type":"Polygon","coordinates":[[[77.2877697,28.5545944],[77.2878454,28.5545956],[77.2878478,28.5544688],[77.2877722,28.5544677],[77.2877697,28.5545944]]]}},{"type":"Feature","id":"way/352801106","properties":{"layer":"building","osmId":"way/352801106","tags":{"building":"yes"}},"geometry":{"type":"Polygon","coordinates":[[[77.2883536,28.5552028],[77.2884411,28.5551906],[77.2884115,28.555027],[77.288324,28.5550392],[77.2883536,28.5552028]]]}},{"type":"Feature","id":"way/352801110","properties":{"layer":"building","osmId":"way/352801110","tags":{"building":"yes"}},"geometry":{"type":"Polygon","coordinates":[[[77.2810543,28.5620438],[77.2811752,28.5620448],[77.2811759,28.5619822],[77.281055,28.5619811],[77.2810543,28.5620438]]]}},{"type":"Feature","id":"way/352801119","properties":{"layer":"building","osmId":"way/352801119","tags":{"building":"apartments","building:levels":"1"}},"geometry":{"type":"Polygon","coordinates":[[[77.2880353,28.5613561],[77.2881394,28.5614312],[77.2882134,28.5613521],[77.2881093,28.561277],[77.2880353,28.5613561]]]}},{"type":"Feature","id":"way/352801123","properties":{"layer":"building","osmId":"way/352801123","tags":{"building":"yes"}},"geometry":{"type":"Polygon","coordinates":[[[77.2874593,28.554397],[77.2875361,28.5543993],[77.2875398,28.5543061],[77.287463,28.5543038],[77.2874593,28.554397]]]}},{"type":"Feature","id":"way/352801126","properties":{"layer":"building","osmId":"way/352801126","tags":{"building":"yes"}},"geometry":{"type":"Polygon","coordinates":[[[77.2870535,28.5556373],[77.2871347,28.5556231],[77.2870952,28.5554487],[77.287014,28.5554629],[77.2870535,28.5556373]]]}},{"type":"Feature","id":"way/352801129","properties":{"layer":"building","osmId":"way/352801129","tags":{"building":"yes"}},"geometry":{"type":"Polygon","coordinates":[[[77.289366,28.555019],[77.2894757,28.5550528],[77.289521,28.5549394],[77.2894114,28.5549056],[77.289366,28.555019]]]}},{"type":"Feature","id":"way/352801132","properties":{"layer":"building","osmId":"way/352801132","tags":{"building":"yes"}},"geometry":{"type":"Polygon","coordinates":[[[77.287901,28.5545238],[77.2879912,28.5545227],[77.2879877,28.554302],[77.2878975,28.5543031],[77.287901,28.5545238]]]}},{"type":"Feature","id":"way/352801134","properties":{"layer":"building","osmId":"way/352801134","tags":{"building":"yes"}},"geometry":{"type":"Polygon","coordinates":[[[77.2886277,28.5549295],[77.2887137,28.5549202],[77.2886903,28.5547533],[77.2886043,28.5547626],[77.2886277,28.5549295]]]}},{"type":"Feature","id":"way/352801138","properties":{"layer":"building","osmId":"way/352801138","tags":{"building":"yes"}},"geometry":{"type":"Polygon","coordinates":[[[77.2880322,28.5572595],[77.2882604,28.5572638],[77.2882624,28.5571807],[77.2880342,28.5571764],[77.2880322,28.5572595]]]}},{"type":"Feature","id":"way/352801143","properties":{"layer":"building","osmId":"way/352801143","tags":{"building":"yes"}},"geometry":{"type":"Polygon","coordinates":[[[77.2890188,28.5544491],[77.2891253,28.554432],[77.2890969,28.5542955],[77.2889905,28.5543126],[77.2890188,28.5544491]]]}},{"type":"Feature","id":"way/352801149","properties":{"layer":"building","osmId":"way/352801149","tags":{"building":"yes"}},"geometry":{"type":"Polygon","coordinates":[[[77.2868871,28.555891],[77.2869719,28.5558776],[77.2869374,28.5557086],[77.2868526,28.555722],[77.2868871,28.555891]]]}},{"type":"Feature","id":"way/352801152","properties":{"layer":"building","osmId":"way/352801152","tags":{"building":"yes"}},"geometry":{"type":"Polygon","coordinates":[[[77.2873243,28.554449],[77.2874519,28.5544511],[77.2874537,28.5543693],[77.2873261,28.5543671],[77.2873243,28.554449]]]}},{"type":"Feature","id":"way/352801155","properties":{"layer":"building","osmId":"way/352801155","tags":{"building":"yes"}},"geometry":{"type":"Polygon","coordinates":[[[77.2875128,28.5549609],[77.287603,28.5549471],[77.2875664,28.5547625],[77.2874762,28.5547763],[77.2875128,28.5549609]]]}},{"type":"Feature","id":"way/352801174","properties":{"layer":"building","osmId":"way/352801174","tags":{"building":"yes"}},"geometry":{"type":"Polygon","coordinates":[[[77.2873433,28.5551589],[77.2874318,28.5551476],[77.2874059,28.5549905],[77.2873174,28.5550018],[77.2873433,28.5551589]]]}},{"type":"Feature","id":"way/352801184","properties":{"layer":"building","osmId":"way/352801184","tags":{"building":"yes"}},"geometry":{"type":"Polygon","coordinates":[[[77.28776,28.5561341],[77.28785,28.5561191],[77.2878142,28.5559544],[77.2877242,28.5559695],[77.28776,28.5561341]]]}},{"type":"Feature","id":"way/352801187","properties":{"layer":"building","osmId":"way/352801187","tags":{"building":"yes"}},"geometry":{"type":"Polygon","coordinates":[[[77.2894608,28.5557746],[77.2895569,28.5557957],[77.2895841,28.5557004],[77.289488,28.5556793],[77.2894608,28.5557746]]]}},{"type":"Feature","id":"way/352801189","properties":{"layer":"building","osmId":"way/352801189","tags":{"building":"yes"}},"geometry":{"type":"Polygon","coordinates":[[[77.2874605,28.5551329],[77.2875258,28.555121],[77.2874925,28.5549791],[77.2874272,28.5549909],[77.2874605,28.5551329]]]}},{"type":"Feature","id":"way/352801193","properties":{"layer":"building","osmId":"way/352801193","tags":{"building":"yes"}},"geometry":{"type":"Polygon","coordinates":[[[77.2913713,28.554441],[77.291491,28.55448],[77.2915277,28.5543931],[77.291408,28.5543541],[77.2913713,28.554441]]]}},{"type":"Feature","id":"way/352801196","properties":{"layer":"building","osmId":"way/352801196","tags":{"building":"yes"}},"geometry":{"type":"Polygon","coordinates":[[[77.287165,28.5558434],[77.2872391,28.5558315],[77.2872033,28.5556592],[77.2871292,28.5556711],[77.287165,28.5558434]]]}},{"type":"Feature","id":"way/352801199","properties":{"layer":"building","osmId":"way/352801199","tags":{"building":"yes"}},"geometry":{"type":"Polygon","coordinates":[[[77.2877184,28.554374],[77.2878133,28.5543732],[77.287812,28.5542637],[77.2877171,28.5542646],[77.2877184,28.554374]]]}},{"type":"Feature","id":"way/352801201","properties":{"layer":"building","osmId":"way/352801201","tags":{"building":"yes"}},"geometry":{"type":"Polygon","coordinates":[[[77.2892421,28.5554784],[77.289434,28.5555228],[77.28946,28.555436],[77.2892681,28.5553916],[77.2892421,28.5554784]]]}},{"type":"Feature","id":"way/352801204","properties":{"layer":"building","osmId":"way/352801204","tags":{"building":"yes"}},"geometry":{"type":"Polygon","coordinates":[[[77.2876884,28.5549183],[77.2877713,28.5549049],[77.2877355,28.5547341],[77.2876526,28.5547475],[77.2876884,28.5549183]]]}},{"type":"Feature","id":"way/352801207","properties":{"layer":"building","osmId":"way/352801207","tags":{"building":"commercial","building:levels":"3"}},"geometry":{"type":"Polygon","coordinates":[[[77.2879599,28.5603532],[77.2880638,28.5604342],[77.2883549,28.560146],[77.288251,28.560065],[77.2879599,28.5603532]]]}},{"type":"Feature","id":"way/352801211","properties":{"layer":"building","osmId":"way/352801211","tags":{"building":"yes"}},"geometry":{"type":"Polygon","coordinates":[[[77.2885271,28.5564976],[77.288727,28.5564889],[77.2887227,28.5564136],[77.2885229,28.5564222],[77.2885271,28.5564976]]]}},{"type":"Feature","id":"way/352801214","properties":{"layer":"building","osmId":"way/352801214","tags":{"building":"yes"}},"geometry":{"type":"Polygon","coordinates":[[[77.2907716,28.5544382],[77.2909752,28.5545086],[77.2910146,28.5544208],[77.290811,28.5543504],[77.2907716,28.5544382]]]}},{"type":"Feature","id":"way/352801219","properties":{"layer":"building","osmId":"way/352801219","tags":{"building":"yes"}},"geometry":{"type":"Polygon","coordinates":[[[77.2874845,28.5559664],[77.2875591,28.5559567],[77.287532,28.5557953],[77.2874573,28.555805],[77.2874845,28.5559664]]]}},{"type":"Feature","id":"way/352801222","properties":{"layer":"building","osmId":"way/352801222","tags":{"building":"yes"}},"geometry":{"type":"Polygon","coordinates":[[[77.2869381,28.5560696],[77.2870218,28.5560564],[77.2869873,28.5558874],[77.2869036,28.5559006],[77.2869381,28.5560696]]]}},{"type":"Feature","id":"way/352801228","properties":{"layer":"building","osmId":"way/352801228","tags":{"building":"yes"}},"geometry":{"type":"Polygon","coordinates":[[[77.2875758,28.5559437],[77.2876634,28.5559309],[77.287635,28.5557803],[77.2875474,28.5557931],[77.2875758,28.5559437]]]}},{"type":"Feature","id":"way/352801231","properties":{"layer":"building","osmId":"way/352801231","tags":{"building":"yes"}},"geometry":{"type":"Polygon","coordinates":[[[77.2823108,28.5615089],[77.2825465,28.5615092],[77.2825466,28.5614292],[77.2824289,28.561429],[77.282311,28.5614288],[77.2823108,28.5615089]]]}},{"type":"Feature","id":"way/352801235","properties":{"layer":"building","osmId":"way/352801235","tags":{"building":"yes"}},"geometry":{"type":"Polygon","coordinates":[[[77.2895924,28.5554733],[77.2897616,28.5555223],[77.2898015,28.555416],[77.2896323,28.5553669],[77.2895924,28.5554733]]]}},{"type":"Feature","id":"way/352801238","properties":{"layer":"building","osmId":"way/352801238","tags":{"building":"yes"}},"geometry":{"type":"Polygon","coordinates":[[[77.2911095,28.5542711],[77.2913068,28.5543285],[77.2913376,28.5542469],[77.2911403,28.5541894],[77.2911095,28.5542711]]]}},{"type":"Feature","id":"way/352801240","properties":{"layer":"building","osmId":"way/352801240","tags":{"building":"yes"}},"geometry":{"type":"Polygon","coordinates":[[[77.2892296,28.5557376],[77.2894245,28.5557831],[77.2894483,28.5557046],[77.2892534,28.5556591],[77.2892296,28.5557376]]]}},{"type":"Feature","id":"way/352801243","properties":{"layer":"building","osmId":"way/352801243","tags":{"building":"yes"}},"geometry":{"type":"Polygon","coordinates":[[[77.2882376,28.5548106],[77.2883139,28.5547996],[77.2882892,28.5546674],[77.2882129,28.5546784],[77.2882376,28.5548106]]]}},{"type":"Feature","id":"way/352801247","properties":{"layer":"building","osmId":"way/352801247","tags":{"building":"yes"}},"geometry":{"type":"Polygon","coordinates":[[[77.2898827,28.5546729],[77.2899875,28.5547011],[77.2900104,28.5546355],[77.2899055,28.5546074],[77.2898827,28.5546729]]]}},{"type":"Feature","id":"way/352801250","properties":{"layer":"building","osmId":"way/352801250","tags":{"building":"yes"}},"geometry":{"type":"Polygon","coordinates":[[[77.2907827,28.5545412],[77.2909246,28.5545899],[77.2909551,28.5545213],[77.2908133,28.5544726],[77.2907827,28.5545412]]]}},{"type":"Feature","id":"way/352801252","properties":{"layer":"building","osmId":"way/352801252","tags":{"building":"yes"}},"geometry":{"type":"Polygon","coordinates":[[[77.2870405,28.5560425],[77.2871194,28.5560285],[77.2870811,28.5558627],[77.2870023,28.5558768],[77.2870405,28.5560425]]]}},{"type":"Feature","id":"way/352801258","properties":{"layer":"building","osmId":"way/352801258","tags":{"building":"shed"}},"geometry":{"type":"Polygon","coordinates":[[[77.2822302,28.5617513],[77.2823334,28.5617514],[77.2823337,28.5616019],[77.2822305,28.5616018],[77.2822302,28.5617513]]]}},{"type":"Feature","id":"way/352801263","properties":{"layer":"building","osmId":"way/352801263","tags":{"building":"yes"}},"geometry":{"type":"Polygon","coordinates":[[[77.2879598,28.5550613],[77.28807,28.5550452],[77.2880367,28.5548697],[77.2879265,28.5548858],[77.2879598,28.5550613]]]}},{"type":"Feature","id":"way/352801266","properties":{"layer":"building","osmId":"way/352801266","tags":{"building":"yes"}},"geometry":{"type":"Polygon","coordinates":[[[77.2806953,28.5620448],[77.2809223,28.5620459],[77.2809228,28.5619637],[77.2806959,28.5619626],[77.2806953,28.5620448]]]}},{"type":"Feature","id":"way/352801270","properties":{"layer":"building","osmId":"way/352801270","tags":{"building":"yes"}},"geometry":{"type":"Polygon","coordinates":[[[77.2891018,28.556015],[77.2893029,28.5560562],[77.2893282,28.5559609],[77.2891271,28.5559197],[77.2891018,28.556015]]]}},{"type":"Feature","id":"way/352801272","properties":{"layer":"building","osmId":"way/352801272","tags":{"building":"yes"}},"geometry":{"type":"Polygon","coordinates":[[[77.287085,28.559431],[77.2871604,28.5594137],[77.2871135,28.5592556],[77.2870381,28.5592728],[77.287085,28.559431]]]}},{"type":"Feature","id":"way/352801275","properties":{"layer":"building","osmId":"way/352801275","tags":{"building":"yes"}},"geometry":{"type":"Polygon","coordinates":[[[77.2894374,28.554747],[77.2895743,28.554786],[77.2895983,28.554721],[77.2894614,28.554682],[77.2894374,28.554747]]]}},{"type":"Feature","id":"way/352801284","properties":{"layer":"building","osmId":"way/352801284","tags":{"building":"yes"}},"geometry":{"type":"Polygon","coordinates":[[[77.2903956,28.5557958],[77.2905628,28.5558437],[77.2906449,28.5556228],[77.2904817,28.5555702],[77.2904538,28.5556391],[77.2905039,28.5556535],[77.290493,28.5556828],[77.2904429,28.5556684],[77.290412,28.5557517],[77.2904576,28.5557648],[77.2904468,28.5557939],[77.2904012,28.5557808],[77.2903956,28.5557958]]]}},{"type":"Feature","id":"way/352801288","properties":{"layer":"building","osmId":"way/352801288","tags":{"building":"yes"}},"geometry":{"type":"Polygon","coordinates":[[[77.2900642,28.5550173],[77.2901666,28.5550493],[77.2902076,28.5549481],[77.2901052,28.5549161],[77.2900642,28.5550173]]]}},{"type":"Feature","id":"way/352801296","properties":{"layer":"building","osmId":"way/352801296","tags":{"building":"yes"}},"geometry":{"type":"Polygon","coordinates":[[[77.2874649,28.5555587],[77.287649,28.555525],[77.2876083,28.5553536],[77.2874243,28.5553873],[77.2874649,28.5555587]]]}},{"type":"Feature","id":"way/352801300","properties":{"layer":"building","osmId":"way/352801300","tags":{"building":"yes"}},"geometry":{"type":"Polygon","coordinates":[[[77.2894114,28.5548382],[77.2895527,28.5548734],[77.289568,28.5548262],[77.2894267,28.554791],[77.2894114,28.5548382]]]}},{"type":"Feature","id":"way/352801301","properties":{"layer":"building","osmId":"way/352801301","tags":{"building":"yes"}},"geometry":{"type":"Polygon","coordinates":[[[77.2886849,28.5560562],[77.2888428,28.5560465],[77.2888349,28.5559478],[77.288677,28.5559576],[77.2886849,28.5560562]]]}},{"type":"Feature","id":"way/352801302","properties":{"layer":"building","osmId":"way/352801302","tags":{"building":"yes"}},"geometry":{"type":"Polygon","coordinates":[[[77.2897171,28.5551302],[77.2898207,28.5551533],[77.2898688,28.5549864],[77.2897652,28.5549634],[77.2897171,28.5551302]]]}},{"type":"Feature","id":"way/352801303","properties":{"layer":"building","osmId":"way/352801303","tags":{"building":"yes"}},"geometry":{"type":"Polygon","coordinates":[[[77.2881428,28.5554268],[77.2882117,28.5554155],[77.2881982,28.5553521],[77.288216,28.5553492],[77.2881945,28.5552479],[77.2881079,28.555262],[77.2881428,28.5554268]]]}},{"type":"Feature","id":"way/352801304","properties":{"layer":"building","osmId":"way/352801304","tags":{"building":"commercial","building:levels":"3"}},"geometry":{"type":"Polygon","coordinates":[[[77.2875729,28.5587924],[77.2876792,28.5587943],[77.2876824,28.5586566],[77.2878562,28.5586596],[77.2878553,28.5586999],[77.2878976,28.5587006],[77.2879006,28.5585698],[77.2875782,28.5585641],[77.2875729,28.5587924]]]}},{"type":"Feature","id":"way/353154374","properties":{"layer":"building","osmId":"way/353154374","tags":{"building":"yes"}},"geometry":{"type":"Polygon","coordinates":[[[77.2894904,28.5569334],[77.2894855,28.5570286],[77.2896888,28.5570365],[77.2896936,28.5569413],[77.2894904,28.5569334]]]}},{"type":"Feature","id":"way/353154375","properties":{"layer":"building","osmId":"way/353154375","tags":{"building":"yes"}},"geometry":{"type":"Polygon","coordinates":[[[77.2901944,28.5606529],[77.2901624,28.5603162],[77.2900443,28.5603249],[77.2900762,28.5606615],[77.2901944,28.5606529]]]}},{"type":"Feature","id":"way/353154398","properties":{"layer":"building","osmId":"way/353154398","tags":{"building":"yes"}},"geometry":{"type":"Polygon","coordinates":[[[77.2892442,28.5570246],[77.2894474,28.5570227],[77.2894463,28.5569338],[77.289243,28.5569358],[77.2892442,28.5570246]]]}},{"type":"Feature","id":"way/353154402","properties":{"layer":"building","osmId":"way/353154402","tags":{"building":"yes"}},"geometry":{"type":"Polygon","coordinates":[[[77.2819264,28.5582295],[77.2821915,28.5584063],[77.2823656,28.5582048],[77.2821005,28.558028],[77.2819264,28.5582295]]]}},{"type":"Feature","id":"way/353154409","properties":{"layer":"building","osmId":"way/353154409","tags":{"building":"yes"}},"geometry":{"type":"Polygon","coordinates":[[[77.2858629,28.55564],[77.2857455,28.5556595],[77.2857822,28.5558306],[77.2858997,28.5558112],[77.2858629,28.55564]]]}},{"type":"Feature","id":"way/353154427","properties":{"layer":"building","osmId":"way/353154427","tags":{"building":"yes"}},"geometry":{"type":"Polygon","coordinates":[[[77.2897007,28.5567497],[77.2898285,28.556615],[77.2897349,28.5565465],[77.2896071,28.5566812],[77.2897007,28.5567497]]]}},{"type":"Feature","id":"way/353154433","properties":{"layer":"building","osmId":"way/353154433","tags":{"building":"yes"}},"geometry":{"type":"Polygon","coordinates":[[[77.2857256,28.5551198],[77.2856214,28.5551388],[77.2856485,28.5552538],[77.2857527,28.5552348],[77.2857256,28.5551198]]]}},{"type":"Feature","id":"way/353154438","properties":{"layer":"building","osmId":"way/353154438","tags":{"building":"yes"}},"geometry":{"type":"Polygon","coordinates":[[[77.2856384,28.554822],[77.2855459,28.5548371],[77.2855714,28.5549578],[77.2856639,28.5549427],[77.2856384,28.554822]]]}},{"type":"Feature","id":"way/353154451","properties":{"layer":"building","osmId":"way/353154451","tags":{"building":"yes"}},"geometry":{"type":"Polygon","coordinates":[[[77.2856307,28.5546573],[77.2855325,28.554674],[77.2855596,28.5547974],[77.2856579,28.5547808],[77.2856307,28.5546573]]]}},{"type":"Feature","id":"way/353154456","properties":{"layer":"building","osmId":"way/353154456","tags":{"building":"yes"}},"geometry":{"type":"Polygon","coordinates":[[[77.2858125,28.5554464],[77.2856964,28.5554686],[77.2857363,28.5556299],[77.2858524,28.5556077],[77.2858125,28.5554464]]]}},{"type":"Feature","id":"way/353154459","properties":{"layer":"building","osmId":"way/353154459","tags":{"building":"yes"}},"geometry":{"type":"Polygon","coordinates":[[[77.2886451,28.5621343],[77.2886248,28.5622682],[77.2887206,28.5622794],[77.288741,28.5621455],[77.2886451,28.5621343]]]}},{"type":"Feature","id":"way/353154466","properties":{"layer":"building","osmId":"way/353154466","tags":{"building":"yes"}},"geometry":{"type":"Polygon","coordinates":[[[77.2894086,28.5619659],[77.2892919,28.5621439],[77.2896082,28.5623038],[77.2897248,28.5621258],[77.2894086,28.5619659]]]}},{"type":"Feature","id":"way/353154470","properties":{"layer":"building","osmId":"way/353154470","tags":{"building":"yes"}},"geometry":{"type":"Polygon","coordinates":[[[77.2903573,28.5606417],[77.2903349,28.5602826],[77.2902143,28.5602884],[77.2902366,28.5606475],[77.2903573,28.5606417]]]}},{"type":"Feature","id":"way/353154477","properties":{"layer":"building","osmId":"way/353154477","tags":{"building":"yes"}},"geometry":{"type":"Polygon","coordinates":[[[77.2897651,28.5638406],[77.2896964,28.5639245],[77.2899855,28.564107],[77.2900542,28.5640231],[77.2897651,28.5638406]]]}},{"type":"Feature","id":"way/353154481","properties":{"layer":"building","osmId":"way/353154481","tags":{"building":"yes"}},"geometry":{"type":"Polygon","coordinates":[[[77.2808148,28.5575421],[77.2805787,28.557806],[77.2810706,28.5581455],[77.2813067,28.5578816],[77.2808148,28.5575421]]]}},{"type":"Feature","id":"way/353154486","properties":{"layer":"building","osmId":"way/353154486","tags":{"building":"yes"}},"geometry":{"type":"Polygon","coordinates":[[[77.2896567,28.5640271],[77.2895673,28.5641227],[77.2896937,28.5642139],[77.2897832,28.5641183],[77.2896567,28.5640271]]]}},{"type":"Feature","id":"way/353154495","properties":{"layer":"building","osmId":"way/353154495","tags":{"building":"yes"}},"geometry":{"type":"Polygon","coordinates":[[[77.2857567,28.5552819],[77.2856578,28.5552987],[77.2856849,28.5554222],[77.2857839,28.5554054],[77.2857567,28.5552819]]]}},{"type":"Feature","id":"way/369852344","properties":{"layer":"road","osmId":"way/369852344","tags":{"highway":"residential"}},"geometry":{"type":"LineString","coordinates":[[77.2774606,28.5569537],[77.2777556,28.5571863],[77.2779578,28.557365],[77.2779812,28.5573792],[77.2779949,28.55738],[77.2780078,28.5573762],[77.2780222,28.5573696],[77.2793668,28.5563719],[77.2797088,28.5561149],[77.2797252,28.5561026],[77.2801208,28.5558365],[77.2803408,28.5556906],[77.2805036,28.5555826],[77.281134,28.5551653],[77.2812132,28.5551072],[77.2812628,28.5550702],[77.2813168,28.5550269],[77.2813554,28.5549913],[77.2814733,28.5548823],[77.2814984,28.554856],[77.2815086,28.5548335],[77.2815112,28.5548089],[77.2815074,28.5547865],[77.2814946,28.5547663],[77.2814716,28.5547506],[77.281427,28.5547383],[77.2806529,28.5546659],[77.2806096,28.5546565],[77.2805802,28.5546421],[77.280562,28.5546208],[77.2805529,28.5545914],[77.2805544,28.5545541],[77.2805629,28.5545077],[77.2805921,28.5544144],[77.2806091,28.5543655],[77.2806345,28.5542917],[77.2806609,28.5542141],[77.2807851,28.5538491],[77.2814497,28.5522332],[77.2814985,28.5521145],[77.2818421,28.5512331],[77.2819795,28.5511914],[77.282023,28.5511472],[77.2820853,28.551084],[77.2820954,28.5509247],[77.2820223,28.5508099],[77.2823978,28.5499281]]}},{"type":"Feature","id":"way/378618532","properties":{"layer":"building","osmId":"way/378618532","tags":{"building":"yes"}},"geometry":{"type":"Polygon","coordinates":[[[77.2818771,28.5579906],[77.282137,28.5576619],[77.2819347,28.5575384],[77.2819604,28.5574133],[77.2819044,28.5573703],[77.281804,28.5574297],[77.2817666,28.5574256],[77.2816686,28.557559],[77.2817806,28.5576225],[77.2818577,28.5576143],[77.2818483,28.5576553],[77.2817736,28.5576718],[77.2817619,28.557723],[77.2818086,28.5577907],[77.2817773,28.5578304],[77.2817561,28.5578174],[77.2817031,28.5578845],[77.2818771,28.5579906]]]}},{"type":"Feature","id":"way/378645088","properties":{"layer":"building","osmId":"way/378645088","tags":{"building":"yes"}},"geometry":{"type":"Polygon","coordinates":[[[77.2837441,28.5665563],[77.2839214,28.5667186],[77.2837613,28.5668534],[77.283584,28.5666911],[77.2837441,28.5665563]]]}},{"type":"Feature","id":"way/378861955","properties":{"layer":"building","osmId":"way/378861955","tags":{"building":"yes"}},"geometry":{"type":"Polygon","coordinates":[[[77.2870823,28.5552051],[77.2870931,28.5549445],[77.2872356,28.5549602],[77.2872259,28.5552072],[77.2870823,28.5552051]]]}},{"type":"Feature","id":"way/379307097","properties":{"layer":"building","osmId":"way/379307097","tags":{"building":"residential"}},"geometry":{"type":"Polygon","coordinates":[[[77.2841412,28.5552654],[77.2842311,28.5551306],[77.2843454,28.5551895],[77.2842555,28.5553242],[77.2841412,28.5552654]]]}},{"type":"Feature","id":"way/380046932","properties":{"layer":"building","osmId":"way/380046932","tags":{"building":"yes"}},"geometry":{"type":"Polygon","coordinates":[[[77.2902875,28.5637288],[77.2904137,28.5637997],[77.290469,28.5637237],[77.2903427,28.5636528],[77.2902875,28.5637288]]]}},{"type":"Feature","id":"way/380046933","properties":{"layer":"building","osmId":"way/380046933","tags":{"building":"yes"}},"geometry":{"type":"Polygon","coordinates":[[[77.2903794,28.5635481],[77.2905026,28.5636008],[77.2904553,28.5636807],[77.2903284,28.5636227],[77.2903794,28.5635481]]]}},{"type":"Feature","id":"way/380046934","properties":{"layer":"building","osmId":"way/380046934","tags":{"building":"yes"}},"geometry":{"type":"Polygon","coordinates":[[[77.2900388,28.5635415],[77.2902769,28.5636756],[77.2903698,28.5635484],[77.2901317,28.5634143],[77.2900388,28.5635415]]]}},{"type":"Feature","id":"way/421280668","properties":{"layer":"road","osmId":"way/421280668","tags":{"highway":"residential","surface":"concrete"}},"geometry":{"type":"LineString","coordinates":[[77.2889073,28.5666802],[77.2892252,28.566207]]}},{"type":"Feature","id":"way/421280670","properties":{"layer":"road","osmId":"way/421280670","tags":{"highway":"residential","surface":"concrete"}},"geometry":{"type":"LineString","coordinates":[[77.2885197,28.5666783],[77.2892647,28.5673039]]}},{"type":"Feature","id":"way/421280679","properties":{"layer":"road","osmId":"way/421280679","tags":{"highway":"residential"}},"geometry":{"type":"LineString","coordinates":[[77.2876687,28.5656838],[77.2877525,28.5659144],[77.2878896,28.5663384],[77.28795,28.5665324],[77.2879726,28.566605],[77.2880727,28.566954],[77.2881504,28.5672198]]}},{"type":"Feature","id":"way/421280684","properties":{"layer":"road","osmId":"way/421280684","tags":{"highway":"residential"}},"geometry":{"type":"LineString","coordinates":[[77.2879066,28.5652194],[77.28815,28.565527],[77.2881589,28.565531],[77.2881672,28.5655327],[77.2881766,28.5655329],[77.2881886,28.5655321]]}},{"type":"Feature","id":"way/421280685","properties":{"layer":"road","osmId":"way/421280685","tags":{"highway":"residential"}},"geometry":{"type":"LineString","coordinates":[[77.2852626,28.566634],[77.2843921,28.5668595],[77.2842118,28.5669003],[77.2841131,28.5669296],[77.2840518,28.5669472],[77.2832279,28.5671837],[77.282775,28.5673137],[77.28275,28.5673209]]}},{"type":"Feature","id":"way/421280686","properties":{"layer":"road","osmId":"way/421280686","tags":{"highway":"residential"}},"geometry":{"type":"LineString","coordinates":[[77.2847155,28.5676692],[77.2851699,28.567509],[77.2856476,28.5673406],[77.2859512,28.5672154],[77.2862275,28.567114]]}},{"type":"Feature","id":"way/421280687","properties":{"layer":"road","osmId":"way/421280687","tags":{"highway":"residential","surface":"concrete"}},"geometry":{"type":"LineString","coordinates":[[77.2883708,28.5671044],[77.2882945,28.567159],[77.2882362,28.5671914],[77.2881504,28.5672198],[77.2879207,28.5672958],[77.2875106,28.5674495],[77.2862708,28.5678121]]}},{"type":"Feature","id":"way/421280688","properties":{"layer":"road","osmId":"way/421280688","tags":{"highway":"residential"}},"geometry":{"type":"LineString","coordinates":[[77.2843921,28.5668595],[77.2844876,28.5671186],[77.2846013,28.5673888],[77.2855168,28.5670893],[77.285866,28.5669891]]}},{"type":"Feature","id":"way/421280690","properties":{"layer":"road","osmId":"way/421280690","tags":{"highway":"residential","surface":"concrete"}},"geometry":{"type":"LineString","coordinates":[[77.2897421,28.5666577],[77.2894361,28.5670931],[77.2892647,28.5673039],[77.2890385,28.5676276],[77.2889358,28.5677475],[77.2884967,28.568127],[77.2882691,28.5682823]]}},{"type":"Feature","id":"way/421280694","properties":{"layer":"road","osmId":"way/421280694","tags":{"highway":"residential","surface":"concrete"}},"geometry":{"type":"LineString","coordinates":[[77.2886505,28.5664983],[77.2889073,28.5666802],[77.2894361,28.5670931],[77.2898745,28.5673454],[77.2911355,28.5679023]]}},{"type":"Feature","id":"way/421280695","properties":{"layer":"road","osmId":"way/421280695","tags":{"highway":"residential"}},"geometry":{"type":"LineString","coordinates":[[77.2851922,28.5665103],[77.2855302,28.5663955],[77.2862926,28.5661391],[77.2865597,28.5660518],[77.2867946,28.565975],[77.2868348,28.5659619],[77.2876687,28.5656838],[77.28815,28.565527]]}},{"type":"Feature","id":"way/421280697","properties":{"layer":"road","name":"Hussaini Road","osmId":"way/421280697","tags":{"highway":"residential","name":"Hussaini Road","surface":"concrete"}},"geometry":{"type":"LineString","coordinates":[[77.2901987,28.5668754],[77.2898745,28.5673454],[77.2893732,28.5681024],[77.2893295,28.56818],[77.2891697,28.5684538],[77.2891575,28.5684747]]}},{"type":"Feature","id":"way/421280701","properties":{"layer":"road","osmId":"way/421280701","tags":{"highway":"residential"}},"geometry":{"type":"LineString","coordinates":[[77.2831916,28.5661132],[77.2830101,28.5659591],[77.2829766,28.5659448],[77.2829379,28.5659227],[77.2829056,28.5658945],[77.2827945,28.5657447],[77.2827786,28.5657291],[77.2827626,28.5657244],[77.2827394,28.5657273],[77.2821213,28.5659415]]}},{"type":"Feature","id":"way/421280703","properties":{"layer":"road","osmId":"way/421280703","tags":{"highway":"residential"}},"geometry":{"type":"LineString","coordinates":[[77.2840495,28.5653578],[77.2840941,28.5653545],[77.2841942,28.5653568],[77.2842361,28.5653484],[77.2854521,28.5649566],[77.2854675,28.5649566],[77.285484,28.5649574],[77.2854975,28.5649635],[77.2855118,28.5649755],[77.2855256,28.5649963],[77.2856571,28.5652644]]}},{"type":"Feature","id":"way/421285577","properties":{"layer":"road","osmId":"way/421285577","tags":{"highway":"residential"}},"geometry":{"type":"LineString","coordinates":[[77.2773093,28.567057],[77.2773785,28.5670736],[77.277395,28.5670721],[77.277409,28.567067],[77.2774325,28.5670544],[77.2776501,28.5667203],[77.2777367,28.566581],[77.2783029,28.5658936],[77.2784713,28.5656834],[77.2786181,28.5654877],[77.2786689,28.565422],[77.278896,28.565207],[77.2789015,28.5652027],[77.2789065,28.5652002],[77.2789206,28.5651985],[77.2789452,28.5652005],[77.278954,28.5652024],[77.2789616,28.5652057],[77.2790751,28.5652906],[77.2790824,28.5652938],[77.2790888,28.565295],[77.2790984,28.5652958],[77.2791106,28.5652948],[77.2791184,28.5652922],[77.2794602,28.5650466],[77.2801919,28.5644167]]}},{"type":"Feature","id":"way/421285581","properties":{"layer":"road","osmId":"way/421285581","tags":{"highway":"living_street"}},"geometry":{"type":"LineString","coordinates":[[77.2784569,28.5670719],[77.2779901,28.5677144]]}},{"type":"Feature","id":"way/421285583","properties":{"layer":"road","osmId":"way/421285583","tags":{"highway":"residential"}},"geometry":{"type":"LineString","coordinates":[[77.2783679,28.5670216],[77.2786591,28.5668775],[77.2790657,28.5666817]]}},{"type":"Feature","id":"way/421285584","properties":{"layer":"road","osmId":"way/421285584","tags":{"highway":"living_street"}},"geometry":{"type":"LineString","coordinates":[[77.2778665,28.5673837],[77.2779816,28.5672321],[77.2782449,28.566952]]}},{"type":"Feature","id":"way/421285585","properties":{"layer":"road","osmId":"way/421285585","tags":{"highway":"residential"}},"geometry":{"type":"LineString","coordinates":[[77.2794077,28.5654506],[77.2796494,28.565202],[77.2803304,28.5645931]]}},{"type":"Feature","id":"way/421285588","properties":{"layer":"road","osmId":"way/421285588","tags":{"highway":"living_street"}},"geometry":{"type":"LineString","coordinates":[[77.2777692,28.5671628],[77.278072,28.5668236]]}},{"type":"Feature","id":"way/421285591","properties":{"layer":"road","osmId":"way/421285591","tags":{"highway":"residential"}},"geometry":{"type":"LineString","coordinates":[[77.2784713,28.5656834],[77.2787447,28.5658777],[77.2791088,28.5661524],[77.2791508,28.5661939],[77.2792022,28.5662493],[77.2797038,28.5668876]]}},{"type":"Feature","id":"way/421285596","properties":{"layer":"road","osmId":"way/421285596","tags":{"highway":"residential"}},"geometry":{"type":"LineString","coordinates":[[77.2794602,28.5650466],[77.2796494,28.565202],[77.2800158,28.5654896],[77.2802772,28.5657443],[77.2802804,28.5657492],[77.2802809,28.5657554],[77.2802784,28.565762],[77.2802753,28.5657675],[77.2799844,28.5659651],[77.2799809,28.5659702],[77.2799797,28.5659759],[77.2799813,28.5659833],[77.2799854,28.5659911],[77.2805079,28.5665836]]}},{"type":"Feature","id":"way/421285599","properties":{"layer":"road","osmId":"way/421285599","tags":{"highway":"residential"}},"geometry":{"type":"LineString","coordinates":[[77.2783029,28.5658936],[77.2784015,28.5659857],[77.2790657,28.5666817],[77.2793608,28.5670233],[77.2793648,28.5670283],[77.2793694,28.5670335],[77.2793765,28.5670399],[77.2793811,28.5670419],[77.2793854,28.5670415],[77.2793889,28.5670403],[77.2794718,28.5669975],[77.2795591,28.5669555],[77.2797038,28.5668876],[77.2799711,28.5668143],[77.2802048,28.5667661]]}},{"type":"Feature","id":"way/421285601","properties":{"layer":"road","osmId":"way/421285601","tags":{"highway":"residential"}},"geometry":{"type":"LineString","coordinates":[[77.2841772,28.5672194],[77.2836223,28.5673838],[77.2833631,28.5674535],[77.2830368,28.5675412],[77.282832,28.5675942],[77.2827207,28.567623]]}},{"type":"Feature","id":"way/421287871","properties":{"layer":"road","osmId":"way/421287871","tags":{"highway":"residential"}},"geometry":{"type":"LineString","coordinates":[[77.28763,28.5706976],[77.2871689,28.5697586],[77.2870243,28.5694914],[77.2869098,28.5692166],[77.2867658,28.5689587],[77.286643,28.5686885],[77.2865122,28.5684275],[77.2863752,28.5681587],[77.2862708,28.5678121],[77.2860973,28.5674796],[77.2859512,28.5672154]]}},{"type":"Feature","id":"way/421290110","properties":{"layer":"road","osmId":"way/421290110","tags":{"highway":"residential"}},"geometry":{"type":"LineString","coordinates":[[77.2868348,28.5659619],[77.2869149,28.5661495],[77.2873198,28.5670538],[77.2875106,28.5674495],[77.2876122,28.5677005],[77.2877273,28.5679867]]}},{"type":"Feature","id":"way/421290133","properties":{"layer":"road","osmId":"way/421290133","tags":{"highway":"residential"}},"geometry":{"type":"LineString","coordinates":[[77.2805944,28.5665576],[77.2807213,28.566786],[77.280888,28.5671634],[77.2810197,28.5674732],[77.2813548,28.5681146],[77.2815317,28.568443],[77.2815916,28.5685526],[77.2817729,28.5687826],[77.2818731,28.5689325],[77.2821925,28.569343]]}},{"type":"Feature","id":"way/421427818","properties":{"layer":"road","osmId":"way/421427818","tags":{"highway":"living_street"}},"geometry":{"type":"LineString","coordinates":[[77.2864187,28.5663197],[77.2866497,28.5662506],[77.2869149,28.5661495],[77.2877525,28.5659144]]}},{"type":"Feature","id":"way/421427837","properties":{"layer":"road","osmId":"way/421427837","tags":{"highway":"residential"}},"geometry":{"type":"LineString","coordinates":[[77.2855302,28.5663955],[77.2853824,28.5661508],[77.2853785,28.5661333],[77.2853825,28.56612],[77.2853936,28.5661119],[77.2857005,28.5660069],[77.2859661,28.565917]]}},{"type":"Feature","id":"way/421427838","properties":{"layer":"road","osmId":"way/421427838","tags":{"highway":"living_street"}},"geometry":{"type":"LineString","coordinates":[[77.2864187,28.5663197],[77.2867708,28.5672402]]}},{"type":"Feature","id":"way/421427845","properties":{"layer":"road","osmId":"way/421427845","tags":{"highway":"residential"}},"geometry":{"type":"LineString","coordinates":[[77.2853397,28.5654421],[77.2854367,28.5655986],[77.2855101,28.5657286],[77.285614,28.5658714],[77.2857005,28.5660069]]}},{"type":"Feature","id":"way/421427847","properties":{"layer":"road","osmId":"way/421427847","tags":{"highway":"residential"}},"geometry":{"type":"LineString","coordinates":[[77.2786689,28.565422],[77.2794533,28.5660371],[77.279526,28.5660734],[77.2795579,28.5660925],[77.2795853,28.5661155],[77.279626,28.5661558],[77.280158,28.5667121],[77.2802048,28.5667661],[77.2802315,28.5668044],[77.2802992,28.5669228],[77.2803767,28.5670907],[77.2804669,28.5673078],[77.2805142,28.5674239],[77.2810148,28.5684374],[77.2810381,28.5684711],[77.2810706,28.5685178],[77.281913,28.5695353]]}},{"type":"Feature","id":"way/421427848","properties":{"layer":"road","name":"Gali no 14","osmId":"way/421427848","tags":{"highway":"residential","name":"Gali no 14"}},"geometry":{"type":"LineString","coordinates":[[77.2777367,28.566581],[77.278072,28.5668236],[77.2782449,28.566952],[77.2783679,28.5670216],[77.2784569,28.5670719],[77.2788258,28.5672789],[77.2791438,28.5674519],[77.279244,28.567494],[77.2793087,28.5675257],[77.2793869,28.5675753],[77.2794379,28.5676184],[77.2794863,28.5676684],[77.2795197,28.567709],[77.2796619,28.5678876],[77.2799961,28.5682996],[77.2803815,28.568762],[77.2806068,28.5689949],[77.2808943,28.5692746],[77.2814275,28.5698692]]}},{"type":"Feature","id":"way/421442613","properties":{"layer":"road","osmId":"way/421442613","tags":{"highway":"residential"}},"geometry":{"type":"LineString","coordinates":[[77.2881614,28.561613],[77.2885758,28.5619187]]}},{"type":"Feature","id":"way/421442615","properties":{"layer":"road","osmId":"way/421442615","tags":{"highway":"residential"}},"geometry":{"type":"LineString","coordinates":[[77.2892545,28.564286],[77.28901,28.5639885]]}},{"type":"Feature","id":"way/421442616","properties":{"layer":"road","osmId":"way/421442616","tags":{"highway":"residential"}},"geometry":{"type":"LineString","coordinates":[[77.289515,28.5641144],[77.2898574,28.564364],[77.2900437,28.5645156]]}},{"type":"Feature","id":"way/421442617","properties":{"layer":"road","osmId":"way/421442617","tags":{"highway":"residential"}},"geometry":{"type":"LineString","coordinates":[[77.2888008,28.562831],[77.288795,28.5628187],[77.2887875,28.5628078],[77.2887802,28.5627992],[77.2887702,28.5627933],[77.2887151,28.5627795],[77.2884911,28.5627592]]}},{"type":"Feature","id":"way/421442618","properties":{"layer":"road","osmId":"way/421442618","tags":{"highway":"residential"}},"geometry":{"type":"LineString","coordinates":[[77.2885356,28.5623788],[77.2884911,28.5627592],[77.28848,28.5627943],[77.288446,28.5628589],[77.287807,28.5638981],[77.2878042,28.5639122],[77.2878023,28.5639356],[77.2878047,28.5639654],[77.287807,28.5639888],[77.2878201,28.5640114],[77.2879739,28.5641509]]}},{"type":"Feature","id":"way/421442619","properties":{"layer":"road","osmId":"way/421442619","tags":{"highway":"residential"}},"geometry":{"type":"LineString","coordinates":[[77.2899163,28.5624818],[77.289893,28.5618496],[77.289855,28.5613914],[77.289837,28.5609284],[77.2898093,28.5602147]]}},{"type":"Feature","id":"way/421442620","properties":{"layer":"road","osmId":"way/421442620","tags":{"highway":"residential"}},"geometry":{"type":"LineString","coordinates":[[77.2913986,28.563881],[77.291269,28.5638302],[77.2911979,28.563803],[77.2911396,28.5637862],[77.2905615,28.563608],[77.2905281,28.5635938]]}},{"type":"Feature","id":"way/421442621","properties":{"layer":"road","name":"Okhla Main Market Road","osmId":"way/421442621","tags":{"highway":"residential","name":"Okhla Main Market Road"}},"geometry":{"type":"LineString","coordinates":[[77.2911826,28.562578],[77.2910246,28.5626558],[77.2909053,28.5627145],[77.2907978,28.5627779],[77.2907441,28.562829],[77.290645,28.562944],[77.2905599,28.5630392],[77.2904921,28.56311],[77.2904369,28.5631593],[77.2903194,28.5632645],[77.2902392,28.5633161],[77.2901463,28.5633941],[77.2900237,28.5635119],[77.2898122,28.563721],[77.2896496,28.5639238],[77.289563,28.5640479],[77.289515,28.5641144],[77.2894815,28.5641497],[77.2894438,28.5641755],[77.2893704,28.5642233],[77.2892545,28.564286],[77.2889961,28.5644258],[77.2888109,28.5645075],[77.2883314,28.5646815]]}},{"type":"Feature","id":"way/421442622","properties":{"layer":"road","osmId":"way/421442622","tags":{"highway":"residential"}},"geometry":{"type":"LineString","coordinates":[[77.2877846,28.5644266],[77.2878315,28.5643613],[77.2879402,28.5641971],[77.2879739,28.5641509],[77.2879985,28.5641249],[77.2880294,28.5640889],[77.2883612,28.5638455],[77.288384,28.5638219],[77.2884069,28.5637845],[77.2884851,28.5635996],[77.2885044,28.5635761],[77.2885262,28.5635583],[77.2885551,28.563546],[77.288589,28.5635403],[77.2886406,28.563529],[77.2886953,28.5635088],[77.2887831,28.5634581],[77.2888378,28.5634052],[77.2890535,28.5632643],[77.2890792,28.5632524],[77.2891029,28.5632457],[77.2891203,28.5632469]]}},{"type":"Feature","id":"way/423557000","properties":{"layer":"road","osmId":"way/423557000","tags":{"highway":"residential","surface":"concrete"}},"geometry":{"type":"LineString","coordinates":[[77.2881886,28.5655321],[77.2881993,28.5655271],[77.2882074,28.5655215],[77.2882209,28.5655081],[77.2882365,28.5654904],[77.2884882,28.5651675]]}},{"type":"Feature","id":"way/423557005","properties":{"layer":"road","osmId":"way/423557005","tags":{"highway":"residential"}},"geometry":{"type":"LineString","coordinates":[[77.2899034,28.5625401],[77.2900395,28.5626199],[77.2902426,28.5627588]]}},{"type":"Feature","id":"way/423557010","properties":{"layer":"road","osmId":"way/423557010","tags":{"highway":"residential"}},"geometry":{"type":"LineString","coordinates":[[77.2794533,28.5660371],[77.2797455,28.5657685],[77.2800158,28.5654896],[77.2804907,28.5649854]]}},{"type":"Feature","id":"way/423557017","properties":{"layer":"road","osmId":"way/423557017","tags":{"highway":"residential"}},"geometry":{"type":"LineString","coordinates":[[77.2799711,28.5668143],[77.2802477,28.5673855],[77.280761,28.5685436],[77.2807928,28.5685995],[77.280843,28.5686624],[77.2811978,28.5690424],[77.2817584,28.5696263],[77.2823736,28.5703799]]}},{"type":"Feature","id":"way/423557018","properties":{"layer":"road","osmId":"way/423557018","tags":{"highway":"residential","surface":"concrete"}},"geometry":{"type":"LineString","coordinates":[[77.2890385,28.5676276],[77.2888049,28.5674647],[77.2883708,28.5671044],[77.2883508,28.5670723],[77.2883308,28.5670281],[77.2883275,28.5670062],[77.2883288,28.5669803],[77.2883572,28.5669085],[77.2885197,28.5666783],[77.2886347,28.566521],[77.2886505,28.5664983],[77.2889833,28.5660215]]}},{"type":"Feature","id":"way/423564056","properties":{"layer":"road","osmId":"way/423564056","tags":{"highway":"residential"}},"geometry":{"type":"LineString","coordinates":[[77.2864665,28.5557729],[77.2873723,28.5556016],[77.287434,28.5555899],[77.2886678,28.5553307]]}},{"type":"Feature","id":"way/423564058","properties":{"layer":"road","osmId":"way/423564058","tags":{"highway":"residential"}},"geometry":{"type":"LineString","coordinates":[[77.2883742,28.5558416],[77.288298,28.5558548],[77.2875909,28.5559645],[77.2874323,28.5559897],[77.2866364,28.5561439]]}},{"type":"Feature","id":"way/424008110","properties":{"layer":"road","osmId":"way/424008110","tags":{"highway":"residential"}},"geometry":{"type":"LineString","coordinates":[[77.2864327,28.5557011],[77.2864665,28.5557729],[77.2866364,28.5561439],[77.2867912,28.5563938],[77.2868061,28.5564179],[77.2868836,28.5565112],[77.2870465,28.556692],[77.2870789,28.5567404],[77.2871008,28.5567869],[77.2871045,28.5568134],[77.2870984,28.5568325],[77.2870847,28.5568538],[77.2870685,28.5568721],[77.2868714,28.5569856],[77.2868562,28.5570017],[77.2868474,28.5570188],[77.2868439,28.5570384],[77.2868403,28.55706],[77.286843,28.5570804],[77.2868521,28.5570984],[77.2869091,28.5571864],[77.28693,28.5572062],[77.2869566,28.5572203],[77.2869979,28.5572345],[77.2870319,28.5572439],[77.2876241,28.5573657],[77.2876756,28.5573711],[77.2877283,28.5573744],[77.2880565,28.5573758],[77.288404,28.5573604],[77.2886512,28.5573732]]}},{"type":"Feature","id":"way/424034266","properties":{"layer":"road","osmId":"way/424034266","tags":{"highway":"residential"}},"geometry":{"type":"LineString","coordinates":[[77.2822436,28.5662906],[77.281142,28.5667431]]}},{"type":"Feature","id":"way/560630598","properties":{"layer":"road","osmId":"way/560630598","tags":{"highway":"residential"}},"geometry":{"type":"LineString","coordinates":[[77.2832901,28.5572561],[77.2831007,28.5575201],[77.2828714,28.5578397],[77.2833879,28.5582011],[77.2834109,28.5582093],[77.2834446,28.5582167],[77.2834769,28.5582141],[77.28351,28.5582065],[77.2835488,28.5581852],[77.283601,28.5581508]]}},{"type":"Feature","id":"way/560630599","properties":{"layer":"road","osmId":"way/560630599","tags":{"highway":"residential"}},"geometry":{"type":"LineString","coordinates":[[77.2828714,28.5578397],[77.2824389,28.5575268],[77.2824313,28.5575185],[77.2824265,28.5575076],[77.282426,28.5574962],[77.282429,28.5574822],[77.2825951,28.5572075],[77.2826523,28.557113],[77.2827632,28.5569425],[77.2829871,28.5566393],[77.2834666,28.5569294]]}},{"type":"Feature","id":"way/560630600","properties":{"layer":"road","osmId":"way/560630600","tags":{"highway":"residential"}},"geometry":{"type":"LineString","coordinates":[[77.2836589,28.5555502],[77.2835546,28.5556566],[77.2834783,28.5557214],[77.2834346,28.5557821],[77.2834001,28.5558616],[77.2833584,28.5560471],[77.28326,28.5562603],[77.2832359,28.5563052],[77.2829871,28.5566393]]}},{"type":"Feature","id":"way/560630601","properties":{"layer":"road","osmId":"way/560630601","tags":{"highway":"residential"}},"geometry":{"type":"LineString","coordinates":[[77.2832359,28.5563052],[77.2833949,28.5563952],[77.2837282,28.5565845]]}},{"type":"Feature","id":"way/629440541","properties":{"layer":"road","osmId":"way/629440541","tags":{"highway":"service"}},"geometry":{"type":"LineString","coordinates":[[77.2804431,28.5645263],[77.2804722,28.5645154],[77.2805159,28.5644989],[77.2805547,28.5644943],[77.2806061,28.5644912],[77.2810801,28.5644843],[77.281791,28.5644739],[77.2820771,28.5644697]]}},{"type":"Feature","id":"way/629440542","properties":{"layer":"road","osmId":"way/629440542","tags":{"highway":"service"}},"geometry":{"type":"LineString","coordinates":[[77.2810801,28.5644843],[77.2810801,28.5648933],[77.2817852,28.5648805],[77.2820806,28.5648758]]}},{"type":"Feature","id":"way/629440543","properties":{"layer":"road","osmId":"way/629440543","tags":{"highway":"service"}},"geometry":{"type":"LineString","coordinates":[[77.2817852,28.5648805],[77.281791,28.5644739]]}},{"type":"Feature","id":"way/629440544","properties":{"layer":"road","osmId":"way/629440544","tags":{"highway":"service"}},"geometry":{"type":"LineString","coordinates":[[77.2810801,28.5648933],[77.2809318,28.5649003]]}},{"type":"Feature","id":"way/629440545","properties":{"layer":"building","osmId":"way/629440545","tags":{"building":"yes"}},"geometry":{"type":"Polygon","coordinates":[[[77.280793,28.5648603],[77.2810126,28.5648548],[77.2810093,28.5647525],[77.2807897,28.5647579],[77.280793,28.5648603]]]}},{"type":"Feature","id":"way/629440546","properties":{"layer":"building","osmId":"way/629440546","tags":{"building":"yes"}},"geometry":{"type":"Polygon","coordinates":[[[77.2807946,28.5646573],[77.2810142,28.5646519],[77.2810109,28.5645495],[77.2807913,28.564555],[77.2807946,28.5646573]]]}},{"type":"Feature","id":"way/629440547","properties":{"layer":"building","osmId":"way/629440547","tags":{"building":"yes"}},"geometry":{"type":"Polygon","coordinates":[[[77.2811445,28.5648364],[77.2813641,28.564831],[77.2813608,28.5647286],[77.2811412,28.564734],[77.2811445,28.5648364]]]}},{"type":"Feature","id":"way/629440549","properties":{"layer":"building","osmId":"way/629440549","tags":{"building":"yes"}},"geometry":{"type":"Polygon","coordinates":[[[77.2815201,28.5648297],[77.2817397,28.5648243],[77.2817364,28.5647219],[77.2815168,28.5647274],[77.2815201,28.5648297]]]}},{"type":"Feature","id":"way/629440551","properties":{"layer":"building","osmId":"way/629440551","tags":{"building":"yes"}},"geometry":{"type":"Polygon","coordinates":[[[77.2818804,28.5648264],[77.2821,28.564821],[77.2820967,28.5647186],[77.2818771,28.564724],[77.2818804,28.5648264]]]}},{"type":"Feature","id":"way/629440552","properties":{"layer":"building","osmId":"way/629440552","tags":{"building":"yes"}},"geometry":{"type":"Polygon","coordinates":[[[77.2818652,28.5646407],[77.2820848,28.5646352],[77.2820816,28.5645329],[77.281862,28.5645383],[77.2818652,28.5646407]]]}},{"type":"Feature","id":"way/629440553","properties":{"layer":"building","osmId":"way/629440553","tags":{"building":"yes"}},"geometry":{"type":"Polygon","coordinates":[[[77.2815068,28.5646415],[77.2817264,28.5646361],[77.2817231,28.5645337],[77.2815035,28.5645391],[77.2815068,28.5646415]]]}},{"type":"Feature","id":"way/629440555","properties":{"layer":"building","osmId":"way/629440555","tags":{"building":"yes"}},"geometry":{"type":"Polygon","coordinates":[[[77.2811474,28.5646523],[77.281367,28.5646469],[77.2813637,28.5645445],[77.2811441,28.56455],[77.2811474,28.5646523]]]}},{"type":"Feature","id":"way/632890391","properties":{"layer":"road","osmId":"way/632890391","tags":{"access":"private","highway":"service"}},"geometry":{"type":"LineString","coordinates":[[77.2749252,28.561486],[77.2751256,28.5614517],[77.2752403,28.5614466],[77.2763261,28.5614498],[77.277647,28.5614257]]}},{"type":"Feature","id":"way/634162024","properties":{"layer":"pitch","name":"Gulistan-e-Ghalib","osmId":"way/634162024","tags":{"access":"permissive","leisure":"garden","name":"Gulistan-e-Ghalib"}},"geometry":{"type":"Polygon","coordinates":[[[77.2806573,28.5616055],[77.2811899,28.5616055],[77.2811899,28.5612484],[77.2806512,28.5612484],[77.2806573,28.5616055]]]}},{"type":"Feature","id":"way/690251629","properties":{"layer":"road","name":"Kalindi Kunj Road","osmId":"way/690251629","tags":{"highway":"secondary","name":"Kalindi Kunj Road"}},"geometry":{"type":"LineString","coordinates":[[77.2889355,28.5649204],[77.2892314,28.5649122],[77.289348,28.5649004],[77.2894826,28.5648693],[77.2896759,28.5647832],[77.2898488,28.5646945],[77.2900646,28.5645665],[77.2910617,28.5640054],[77.2911391,28.5639503],[77.2912014,28.563906],[77.291269,28.5638302]]}},{"type":"Feature","id":"way/690251630","properties":{"layer":"road","name":"Kalindi Kunj Road","osmId":"way/690251630","tags":{"highway":"secondary","name":"Kalindi Kunj Road","surface":"concrete"}},"geometry":{"type":"LineString","coordinates":[[77.2902237,28.5644139],[77.2900437,28.5645156],[77.2897219,28.5646946],[77.2894697,28.5648124],[77.2892525,28.5648666],[77.2890294,28.5648591],[77.2889216,28.5648592],[77.2886816,28.5647991],[77.2884911,28.5647449],[77.2883314,28.5646815],[77.2878315,28.5643613],[77.2870132,28.5636731],[77.286686,28.5633056],[77.2862178,28.5627628],[77.2860409,28.5625192],[77.2859659,28.5624139]]}},{"type":"Feature","id":"way/690251631","properties":{"layer":"road","name":"Kalindi Kunj Road","osmId":"way/690251631","tags":{"highway":"secondary","name":"Kalindi Kunj Road"}},"geometry":{"type":"LineString","coordinates":[[77.291269,28.5638302],[77.2913021,28.5637308],[77.2913121,28.5636937],[77.2913222,28.563653],[77.291349,28.5632043],[77.2913758,28.5626154],[77.2913773,28.5625808],[77.291378,28.5625663],[77.2913854,28.5625449],[77.2913972,28.562525],[77.2914128,28.5625074],[77.2914319,28.5624926],[77.2914537,28.5624812],[77.2914776,28.5624734]]}},{"type":"Feature","id":"way/690251632","properties":{"layer":"road","name":"Kalindi Kunj Road","osmId":"way/690251632","tags":{"highway":"secondary","name":"Kalindi Kunj Road"}},"geometry":{"type":"LineString","coordinates":[[77.2914442,28.5624048],[77.2914032,28.5624269],[77.291369,28.5624566],[77.2913433,28.5624923],[77.2913274,28.5625321],[77.2913255,28.5625764],[77.2912981,28.5632138],[77.291284,28.5635718],[77.2912687,28.5636657],[77.2912503,28.563724],[77.2912224,28.5637661],[77.2911979,28.563803],[77.2910245,28.5639506],[77.2902237,28.5644139]]}},{"type":"Feature","id":"way/690251633","properties":{"layer":"road","name":"Kalindi Kunj Road","osmId":"way/690251633","tags":{"highway":"secondary","name":"Kalindi Kunj Road"}},"geometry":{"type":"LineString","coordinates":[[77.2914776,28.5624734],[77.2918868,28.562388]]}},{"type":"Feature","id":"way/690251638","properties":{"layer":"pitch","osmId":"way/690251638","tags":{"leisure":"pitch","sport":"cricket","surface":"artificial_turf"}},"geometry":{"type":"Polygon","coordinates":[[[77.2785991,28.5620005],[77.278534,28.5620542],[77.2784763,28.5621143],[77.278427,28.5621798],[77.2783867,28.5622499],[77.2783559,28.5623237],[77.2783351,28.5624001],[77.2783245,28.5624781],[77.2783243,28.5625566],[77.2783345,28.5626346],[77.278355,28.5627111],[77.2783854,28.562785],[77.2784253,28.5628552],[77.2784743,28.562921],[77.2785316,28.5629812],[77.2785965,28.5630353],[77.2786682,28.5630823],[77.2787455,28.5631217],[77.2788275,28.563153],[77.2789132,28.5631757],[77.2790012,28.5631895],[77.2790905,28.5631942],[77.2791797,28.5631898],[77.2792678,28.5631764],[77.2793536,28.563154],[77.2794358,28.5631231],[77.2795133,28.5630839],[77.2795852,28.5630372],[77.2796503,28.5629834],[77.279708,28.5629234],[77.2797573,28.5628578],[77.2797976,28.5627877],[77.2798284,28.562714],[77.2798492,28.5626376],[77.2798598,28.5625596],[77.27986,28.562481],[77.2798498,28.562403],[77.2798293,28.5623265],[77.2797989,28.5622527],[77.279759,28.5621824],[77.27971,28.5621167],[77.2796527,28.5620564],[77.2795878,28.5620024],[77.2795161,28.5619553],[77.2794388,28.5619159],[77.2793568,28.5618847],[77.2792711,28.561862],[77.2791831,28.5618482],[77.2790938,28.5618434],[77.2790046,28.5618478],[77.2789165,28.5618613],[77.2788307,28.5618836],[77.2787485,28.5619146],[77.278671,28.5619537],[77.2785991,28.5620005]]]}},{"type":"Feature","id":"way/690251639","properties":{"layer":"pitch","name":"JMI University Basketball Court","osmId":"way/690251639","tags":{"leisure":"pitch","name":"JMI University Basketball Court","sport":"basketball","surface":"concrete"}},"geometry":{"type":"Polygon","coordinates":[[[77.2783723,28.5615446],[77.2785467,28.5615316],[77.2785198,28.5612529],[77.2783454,28.5612659],[77.2783723,28.5615446]]]}},{"type":"Feature","id":"way/696814410","properties":{"layer":"road","osmId":"way/696814410","tags":{"access":"private","highway":"service"}},"geometry":{"type":"LineString","coordinates":[[77.2838954,28.5643026],[77.2840869,28.5638922],[77.2845409,28.5630217],[77.2848917,28.5623077],[77.2848912,28.5622973],[77.2848873,28.5622845],[77.2848784,28.5622743],[77.2846698,28.5621875],[77.2844101,28.5620959],[77.2840509,28.5619513]]}},{"type":"Feature","id":"way/696814412","properties":{"layer":"road","osmId":"way/696814412","tags":{"highway":"service"}},"geometry":{"type":"LineString","coordinates":[[77.2827065,28.5651865],[77.2823041,28.5647747]]}},{"type":"Feature","id":"way/696814413","properties":{"layer":"road","osmId":"way/696814413","tags":{"access":"private","highway":"service"}},"geometry":{"type":"LineString","coordinates":[[77.2812328,28.5623215],[77.2824049,28.5623051],[77.2824559,28.5623044]]}},{"type":"Feature","id":"way/696814414","properties":{"layer":"road","osmId":"way/696814414","tags":{"access":"private","highway":"service"}},"geometry":{"type":"LineString","coordinates":[[77.2812432,28.5627414],[77.2806223,28.5627479]]}},{"type":"Feature","id":"way/696814415","properties":{"layer":"road","osmId":"way/696814415","tags":{"access":"private","highway":"service"}},"geometry":{"type":"LineString","coordinates":[[77.2812384,28.5611971],[77.2806117,28.5611993],[77.2800381,28.5612013]]}},{"type":"Feature","id":"way/696814416","properties":{"layer":"road","osmId":"way/696814416","tags":{"access":"private","highway":"service"}},"geometry":{"type":"LineString","coordinates":[[77.2812755,28.5639064],[77.2812493,28.5632456],[77.2812492,28.5629852],[77.2812432,28.5627414],[77.2812328,28.5623215],[77.2812218,28.561659],[77.2812258,28.5615054],[77.2812378,28.561212],[77.2812384,28.5611971],[77.2822845,28.5611901],[77.2823104,28.5611854],[77.2823282,28.56118],[77.282344,28.5611684],[77.2823952,28.5611083],[77.2824463,28.5610482]]}},{"type":"Feature","id":"way/696814417","properties":{"layer":"road","osmId":"way/696814417","tags":{"access":"private","highway":"service"}},"geometry":{"type":"LineString","coordinates":[[77.2847843,28.5619746],[77.2847521,28.5620344],[77.2846698,28.5621875]]}},{"type":"Feature","id":"way/696814418","properties":{"layer":"road","osmId":"way/696814418","tags":{"access":"private","highway":"service"}},"geometry":{"type":"LineString","coordinates":[[77.2849549,28.5618763],[77.2849385,28.5619157],[77.284901,28.5619569],[77.2848594,28.5619734],[77.2847843,28.5619746],[77.2847454,28.5619522],[77.2847092,28.5619133],[77.2846958,28.5618697],[77.2847052,28.5618203],[77.2847288,28.5617834]]}},{"type":"Feature","id":"way/696875724","properties":{"layer":"road","osmId":"way/696875724","tags":{"highway":"residential"}},"geometry":{"type":"LineString","coordinates":[[77.280979,28.5663931],[77.2810997,28.5666503],[77.281142,28.5667431],[77.2812574,28.5670455]]}},{"type":"Feature","id":"way/696875728","properties":{"layer":"road","osmId":"way/696875728","tags":{"access":"private","highway":"service"}},"geometry":{"type":"LineString","coordinates":[[77.2775932,28.5633225],[77.2775677,28.5636194],[77.2775669,28.5636258],[77.2775636,28.5636321],[77.2775569,28.5636355],[77.2775489,28.563637],[77.2766161,28.5636307],[77.2766026,28.5636334],[77.2765922,28.5636384],[77.2765859,28.5636476],[77.2765821,28.5636618],[77.2765836,28.5637664],[77.2765878,28.5637877],[77.2766009,28.5638037],[77.2766147,28.5638117],[77.2773653,28.5638121]]}},{"type":"Feature","id":"way/696875730","properties":{"layer":"road","osmId":"way/696875730","tags":{"highway":"residential"}},"geometry":{"type":"LineString","coordinates":[[77.2773989,28.5657897],[77.2777345,28.5657781]]}},{"type":"Feature","id":"way/704725049","properties":{"layer":"road","osmId":"way/704725049","tags":{"highway":"residential"}},"geometry":{"type":"LineString","coordinates":[[77.2797524,28.5675723],[77.2796184,28.5672797],[77.2794718,28.5669975]]}},{"type":"Feature","id":"way/704738373","properties":{"layer":"road","osmId":"way/704738373","tags":{"highway":"residential"}},"geometry":{"type":"LineString","coordinates":[[77.2788258,28.5672789],[77.2786591,28.5668775]]}},{"type":"Feature","id":"way/707027036","properties":{"layer":"road","osmId":"way/707027036","tags":{"access":"permissive","highway":"residential"}},"geometry":{"type":"LineString","coordinates":[[77.2772023,28.5554217],[77.2779811,28.5560432]]}},{"type":"Feature","id":"way/707027037","properties":{"layer":"road","osmId":"way/707027037","tags":{"access":"permissive","highway":"residential"}},"geometry":{"type":"LineString","coordinates":[[77.2779811,28.5560432],[77.2785112,28.5555018]]}},{"type":"Feature","id":"way/707027038","properties":{"layer":"pitch","osmId":"way/707027038","tags":{"leisure":"park"}},"geometry":{"type":"Polygon","coordinates":[[[77.2783195,28.5556333],[77.2781022,28.5558548],[77.2775899,28.5554684],[77.2777911,28.5552257],[77.2781854,28.5555249],[77.2783195,28.5556333]]]}},{"type":"Feature","id":"way/707027039","properties":{"layer":"pitch","osmId":"way/707027039","tags":{"leisure":"park"}},"geometry":{"type":"Polygon","coordinates":[[[77.2787862,28.5561858],[77.2786709,28.5563106],[77.2783302,28.5560421],[77.2785528,28.5558135],[77.2788881,28.5560915],[77.2787862,28.5561858]]]}},{"type":"Feature","id":"way/707027040","properties":{"layer":"road","osmId":"way/707027040","tags":{"access":"permissive","highway":"residential"}},"geometry":{"type":"LineString","coordinates":[[77.2791174,28.5560162],[77.2787702,28.5557068],[77.2787084,28.5556521],[77.2785112,28.5555018],[77.2780566,28.5551645],[77.2778568,28.5550058],[77.2778296,28.5549842],[77.2777671,28.5549346]]}},{"type":"Feature","id":"way/707027042","properties":{"layer":"road","osmId":"way/707027042","tags":{"access":"permissive","highway":"residential"}},"geometry":{"type":"LineString","coordinates":[[77.2768536,28.5557507],[77.2769696,28.5556413],[77.2772023,28.5554217],[77.2774502,28.5552047],[77.2777079,28.5549858],[77.2777671,28.5549346],[77.2782119,28.5544815],[77.2782192,28.5544758],[77.27823,28.5544692],[77.2782368,28.5544668],[77.2782477,28.5544664],[77.2782574,28.5544684],[77.2782643,28.5544707],[77.2782733,28.5544742],[77.2782815,28.5544798],[77.2792355,28.5552268],[77.2787702,28.5557068]]}},{"type":"Feature","id":"way/707027048","properties":{"layer":"pitch","osmId":"way/707027048","tags":{"leisure":"park"}},"geometry":{"type":"Polygon","coordinates":[[[77.2850973,28.5593754],[77.2845179,28.5590786],[77.284416,28.5590149],[77.2845662,28.5587982],[77.2846037,28.5587605],[77.2848183,28.5587652],[77.2849578,28.5588783],[77.2853226,28.5590432],[77.2850973,28.5593754]]]}},{"type":"Feature","id":"way/707027049","properties":{"layer":"pitch","osmId":"way/707027049","tags":{"leisure":"park"}},"geometry":{"type":"Polygon","coordinates":[[[77.2822112,28.5607488],[77.2822648,28.5608195],[77.2827745,28.5608478],[77.2828281,28.5608619],[77.2829247,28.5606923],[77.2829998,28.5604756],[77.2832115,28.5600477],[77.2826965,28.5598404],[77.2824043,28.5603908],[77.2822112,28.5607488]]]}},{"type":"Feature","id":"way/709634670","properties":{"layer":"road","osmId":"way/709634670","tags":{"highway":"service"}},"geometry":{"type":"LineString","coordinates":[[77.2769423,28.5575947],[77.2771821,28.5577081],[77.2775208,28.5578773],[77.2775604,28.5578967],[77.2775857,28.5579019],[77.277601,28.5579011],[77.277613,28.5578958],[77.2776276,28.5578823],[77.2778934,28.5574743]]}},{"type":"Feature","id":"way/709869482","properties":{"layer":"road","osmId":"way/709869482","tags":{"access":"permissive","highway":"residential"}},"geometry":{"type":"LineString","coordinates":[[77.2786828,28.5566044],[77.278396,28.5568822],[77.2781423,28.557128],[77.2781401,28.5571292],[77.2781371,28.5571301],[77.2781336,28.5571298],[77.2781302,28.5571283],[77.2777211,28.5568053],[77.2776463,28.5567467]]}},{"type":"Feature","id":"way/709869483","properties":{"layer":"road","osmId":"way/709869483","tags":{"access":"permissive","highway":"residential"}},"geometry":{"type":"LineString","coordinates":[[77.2792228,28.5560955],[77.2786828,28.5566044]]}},{"type":"Feature","id":"way/709869484","properties":{"layer":"road","osmId":"way/709869484","tags":{"access":"permissive","highway":"residential"}},"geometry":{"type":"LineString","coordinates":[[77.2792355,28.5552268],[77.2797024,28.5555945],[77.2797088,28.5556028],[77.2797107,28.5556127],[77.2797076,28.5556219],[77.2792228,28.5560955],[77.2791174,28.5560162]]}},{"type":"Feature","id":"way/709872407","properties":{"layer":"road","name":"Lane Number 7","osmId":"way/709872407","tags":{"highway":"residential","name":"Lane Number 7"}},"geometry":{"type":"LineString","coordinates":[[77.2911379,28.5534672],[77.2907361,28.5536395],[77.2903204,28.5537643],[77.2896177,28.5539881],[77.288872,28.5541766],[77.2885492,28.5542143],[77.2881956,28.5542555],[77.2881493,28.5542593],[77.2880824,28.5542597],[77.2875953,28.5542402],[77.2871644,28.5542303],[77.2867075,28.5542167],[77.2863663,28.5541967],[77.2862139,28.5541931],[77.2861304,28.5541909],[77.2859206,28.5541849],[77.2856185,28.554186],[77.2851679,28.554186],[77.2849182,28.5541793],[77.2849087,28.5541801],[77.2848996,28.5541837],[77.2848913,28.5541892],[77.284886,28.554196],[77.2848823,28.5542182],[77.2848809,28.554295]]}},{"type":"Feature","id":"way/709872408","properties":{"layer":"road","osmId":"way/709872408","tags":{"highway":"residential"}},"geometry":{"type":"LineString","coordinates":[[77.2815074,28.5547865],[77.2818079,28.5546783],[77.2818811,28.5546525],[77.2825005,28.5544092],[77.2825379,28.5543953],[77.2827861,28.5543026],[77.2828356,28.5542841],[77.2830355,28.5542096],[77.2830847,28.5541934],[77.2831296,28.5541786],[77.2835505,28.55404],[77.2837243,28.5539759],[77.2837678,28.5539599],[77.2840816,28.5539067],[77.2842962,28.5538703],[77.2848996,28.553795],[77.2851139,28.5537863],[77.2851312,28.5537925],[77.2851422,28.5538052],[77.2851486,28.5538222],[77.2851679,28.554186]]}},{"type":"Feature","id":"way/709872409","properties":{"layer":"road","osmId":"way/709872409","tags":{"highway":"residential"}},"geometry":{"type":"LineString","coordinates":[[77.2837678,28.5539599],[77.2840867,28.5544647],[77.2841151,28.5545135],[77.2841281,28.5545309],[77.28414,28.5545446],[77.2841542,28.5545542],[77.2841684,28.5545611],[77.2841833,28.5545652],[77.2841982,28.5545664],[77.28424,28.5545598],[77.2842763,28.5545473],[77.2846142,28.5544137],[77.2848524,28.5542954],[77.2848619,28.5542932],[77.2848713,28.5542927],[77.2848809,28.554295],[77.2848885,28.5543008],[77.2848953,28.5543089],[77.2849009,28.5543198],[77.2849567,28.5544876],[77.284965,28.5544985],[77.2849767,28.5545047],[77.284993,28.5545088],[77.2855621,28.5545588],[77.2863595,28.5546414],[77.2867061,28.5545897],[77.2869035,28.5545894],[77.2871616,28.5545792],[77.2872477,28.5545811],[77.2879933,28.5546869]]}},{"type":"Feature","id":"way/717031141","properties":{"layer":"road","osmId":"way/717031141","tags":{"access":"private","highway":"service"}},"geometry":{"type":"LineString","coordinates":[[77.2813448,28.5593551],[77.2813158,28.5600623],[77.2813046,28.5608739],[77.2813031,28.5609815]]}},{"type":"Feature","id":"way/717031143","properties":{"layer":"road","osmId":"way/717031143","tags":{"access":"private","highway":"service"}},"geometry":{"type":"LineString","coordinates":[[77.2810775,28.5593031],[77.2813472,28.5588748],[77.281386,28.5587824],[77.2814181,28.5586835],[77.2814325,28.5586156],[77.2814396,28.5585351],[77.2814361,28.558131],[77.281445,28.5580333],[77.2814396,28.5579484],[77.2814208,28.5578683],[77.2814141,28.5578318],[77.2814181,28.5577953],[77.2814209,28.557754],[77.2814421,28.5576935],[77.2818006,28.5571286],[77.2821459,28.5567073],[77.2821926,28.5566719],[77.2822337,28.5566491],[77.2822663,28.5566306],[77.2822958,28.556609],[77.2823328,28.5565753],[77.2824175,28.5564795],[77.2825451,28.5563584],[77.282583,28.5563208],[77.28259,28.5563068],[77.2825933,28.5562828],[77.2825925,28.5562655],[77.2825866,28.5562472],[77.2825768,28.5562266],[77.2825457,28.556195],[77.2823725,28.55601],[77.282368,28.5560049],[77.2823647,28.5559969],[77.2823633,28.5559902],[77.2823641,28.5559821],[77.282371,28.5559626],[77.2824293,28.5558366],[77.2824406,28.5558234],[77.2824537,28.5558138],[77.2824669,28.5558077],[77.2824832,28.5558061],[77.2825019,28.5558069],[77.2825197,28.5558108],[77.2827222,28.5558723],[77.2827331,28.5558722],[77.2827445,28.5558703],[77.2827524,28.5558652],[77.2831086,28.5556066],[77.2831108,28.5556029],[77.2831115,28.5555993],[77.2831103,28.5555944],[77.2831078,28.5555906],[77.2828906,28.5554469],[77.2828352,28.5554148],[77.2827761,28.5553871],[77.2827199,28.5553567],[77.282693,28.5553383],[77.2826809,28.55532],[77.2826763,28.5552857],[77.2826838,28.5552557],[77.2826999,28.5552313],[77.2827244,28.5552156],[77.2838644,28.5547498]]}},{"type":"Feature","id":"way/717031144","properties":{"layer":"road","osmId":"way/717031144","tags":{"access":"private","highway":"service"}},"geometry":{"type":"LineString","coordinates":[[77.2828906,28.5609923],[77.28296,28.5608526],[77.2833574,28.5600522],[77.2835535,28.5597638],[77.2835798,28.5597111],[77.2835877,28.5596885],[77.2835934,28.5596564],[77.2835842,28.5593315]]}},{"type":"Feature","id":"way/717031145","properties":{"layer":"road","osmId":"way/717031145","tags":{"access":"private","highway":"service"}},"geometry":{"type":"LineString","coordinates":[[77.2833574,28.5600522],[77.2832501,28.5599863],[77.2830784,28.5599001],[77.2829841,28.559843],[77.2828594,28.5597831],[77.2827356,28.5597363],[77.2822416,28.5596093],[77.2816622,28.5594633],[77.2813448,28.5593551],[77.2812907,28.5593349],[77.2812438,28.5593243],[77.2811733,28.5593137],[77.2810775,28.5593031],[77.280463,28.559291],[77.2804297,28.5592976],[77.2804109,28.559306],[77.2803967,28.5593191],[77.2803825,28.5593358],[77.2803706,28.5593549],[77.2803638,28.5593844],[77.2803321,28.5596833],[77.2803184,28.5600323],[77.2803124,28.5602792],[77.2803091,28.5604138],[77.2803096,28.5604564],[77.2803184,28.5606968],[77.2803103,28.5608795],[77.2803057,28.560984]]}},{"type":"Feature","id":"way/717454184","properties":{"layer":"road","osmId":"way/717454184","tags":{"highway":"residential"}},"geometry":{"type":"LineString","coordinates":[[77.2863595,28.5546414],[77.2863666,28.5544474],[77.2863663,28.5541967]]}},{"type":"Feature","id":"way/734724700","properties":{"layer":"footway","osmId":"way/734724700","tags":{"highway":"path","surface":"paving_stones"}},"geometry":{"type":"LineString","coordinates":[[77.2864172,28.5623602],[77.2864137,28.5627019]]}},{"type":"Feature","id":"way/764108611","properties":{"layer":"building","osmId":"way/764108611","tags":{"building":"yes"}},"geometry":{"type":"Polygon","coordinates":[[[77.288077,28.5663518],[77.2883279,28.5663435],[77.288324,28.5662517],[77.2882702,28.5662535],[77.2882682,28.5662061],[77.2882139,28.5662079],[77.2882125,28.5661769],[77.288163,28.5661786],[77.2881646,28.5662161],[77.2881189,28.5662176],[77.2881207,28.5662592],[77.2880731,28.5662608],[77.288077,28.5663518]]]}},{"type":"Feature","id":"way/773401496","properties":{"layer":"road","osmId":"way/773401496","tags":{"highway":"residential"}},"geometry":{"type":"LineString","coordinates":[[77.2923703,28.5532121],[77.2923516,28.5532995],[77.2923392,28.5533597],[77.2923267,28.5533991],[77.2922356,28.5535951],[77.292096,28.5538444],[77.2919807,28.5540871],[77.2917956,28.5543769],[77.2916776,28.5545654],[77.291566,28.5547458],[77.2914803,28.5549115],[77.291465,28.5549411],[77.2913745,28.5551331],[77.291089,28.5556945],[77.2910707,28.555751],[77.2909419,28.5560621],[77.2908412,28.556319]]}},{"type":"Feature","id":"way/776753916","properties":{"layer":"road","osmId":"way/776753916","tags":{"highway":"residential"}},"geometry":{"type":"LineString","coordinates":[[77.2879969,28.5588343],[77.2884375,28.5588225],[77.2888036,28.5588154],[77.2892824,28.5588484],[77.2902284,28.5589047],[77.2902516,28.5589038],[77.2902708,28.558899],[77.2902816,28.5588913],[77.2902871,28.5588782],[77.2903657,28.5582943],[77.290374,28.5582311],[77.2904652,28.5574537],[77.2904961,28.5572393],[77.2905023,28.5572264],[77.2905122,28.5572169],[77.2905457,28.5571969],[77.2905712,28.5571857],[77.2905886,28.5571722],[77.2907811,28.5565105],[77.2907977,28.5564555],[77.2908412,28.556319]]}},{"type":"Feature","id":"way/806826384","properties":{"layer":"building","osmId":"way/806826384","tags":{"building":"yes"}},"geometry":{"type":"Polygon","coordinates":[[[77.2893559,28.55617],[77.2894421,28.5561804],[77.2894557,28.556093],[77.2893695,28.5560827],[77.2893559,28.55617]]]}},{"type":"Feature","id":"way/806826412","properties":{"layer":"building","osmId":"way/806826412","tags":{"building":"yes"}},"geometry":{"type":"Polygon","coordinates":[[[77.284205,28.5669416],[77.2842618,28.5671017],[77.2843865,28.5670675],[77.2843297,28.5669075],[77.284205,28.5669416]]]}},{"type":"Feature","id":"way/989819154","properties":{"layer":"water","name":"Okhla Yamuna Lake","osmId":"way/989819154","tags":{"name":"Okhla Yamuna Lake","natural":"water","water":"lake"}},"geometry":{"type":"Polygon","coordinates":[[[77.2923601,28.5673681],[77.2924447,28.5676083],[77.2925453,28.567666],[77.2927585,28.5676424],[77.292949,28.5675906],[77.2930415,28.5675046],[77.2930576,28.5673857],[77.2930402,28.5672914],[77.2929168,28.5671784],[77.2928269,28.5671218],[77.292835,28.5670535],[77.2929718,28.566944],[77.2930884,28.566845],[77.2931421,28.5667579],[77.2930992,28.5664811],[77.2929704,28.5663598],[77.2927076,28.5662667],[77.2924179,28.5661666],[77.2918037,28.5658333],[77.2915274,28.5657108],[77.2912163,28.5654328],[77.2910674,28.5654387],[77.2908796,28.5656177],[77.2908193,28.565858],[77.2905269,28.5660735],[77.290433,28.5662043],[77.2904116,28.5663185],[77.2904867,28.5664045],[77.2906436,28.5664834],[77.2908045,28.5664881],[77.2909722,28.5663939],[77.2911277,28.5663586],[77.291282,28.5663845],[77.2915247,28.5665411],[77.2921226,28.5667146],[77.2923441,28.5667343],[77.2926539,28.5669852],[77.2926539,28.5670394],[77.2926349,28.5671143],[77.292549,28.5671344],[77.2924802,28.5671165],[77.292363,28.5672299],[77.2923516,28.5673027],[77.2923601,28.5673681]]]}},{"type":"Feature","id":"way/1038152725","properties":{"layer":"building","name":"Khaliullah Masjid","osmId":"way/1038152725","tags":{"amenity":"place_of_worship","building":"yes","name":"Khaliullah Masjid","religion":"muslim"}},"geometry":{"type":"Polygon","coordinates":[[[77.2888979,28.5662061],[77.2886757,28.5665053],[77.2888958,28.5666329],[77.2891201,28.5663283],[77.2888979,28.5662061]]]}},{"type":"Feature","id":"way/1038152727","properties":{"layer":"building","name":"Rahmani Masjid","osmId":"way/1038152727","tags":{"amenity":"place_of_worship","building":"yes","name":"Rahmani Masjid","religion":"muslim"}},"geometry":{"type":"Polygon","coordinates":[[[77.2824384,28.5666236],[77.2825642,28.5668397],[77.2827031,28.5667704],[77.2826825,28.5667176],[77.282797,28.5666583],[77.2827351,28.5665626],[77.2826769,28.5665445],[77.282675,28.5666154],[77.2826393,28.5666137],[77.2826318,28.5665808],[77.2825717,28.566556],[77.2824384,28.5666236]]]}},{"type":"Feature","id":"way/1038152728","properties":{"layer":"building","name":"Jamia Masjid Batla House","osmId":"way/1038152728","tags":{"amenity":"place_of_worship","building":"yes","name":"Jamia Masjid Batla House","religion":"muslim"}},"geometry":{"type":"Polygon","coordinates":[[[77.2850624,28.5662564],[77.2851276,28.5663429],[77.2851443,28.5663454],[77.2851651,28.5663734],[77.2853317,28.5663161],[77.285347,28.5662649],[77.2853581,28.5661954],[77.2852984,28.5661466],[77.2852803,28.5661552],[77.2852498,28.5661357],[77.2850624,28.5662564]]]}},{"type":"Feature","id":"way/1038152729","properties":{"layer":"building","name":"Jammu and Kashmir Bank","osmId":"way/1038152729","tags":{"amenity":"bank","building":"yes","name":"Jammu and Kashmir Bank"}},"geometry":{"type":"Polygon","coordinates":[[[77.2850578,28.5658606],[77.2851069,28.5659006],[77.2851922,28.5658483],[77.2851455,28.5658],[77.2850578,28.5658606]]]}},{"type":"Feature","id":"way/1038152730","properties":{"layer":"poi","name":"Batla House Qabristan","osmId":"way/1038152730","tags":{"amenity":"grave_yard","name":"Batla House Qabristan","religion":"muslim"}},"geometry":{"type":"Polygon","coordinates":[[[77.2875567,28.5647579],[77.2877944,28.5651426],[77.2878665,28.5652223],[77.2871854,28.5656352],[77.286905,28.5657501],[77.2868462,28.5656845],[77.2867474,28.5657032],[77.2864135,28.5650628],[77.2875567,28.5647579]]]}},{"type":"Feature","id":"way/1038152731","properties":{"layer":"building","name":"Batla House Marriage Hall","osmId":"way/1038152731","tags":{"building":"apartments","name":"Batla House Marriage Hall"}},"geometry":{"type":"Polygon","coordinates":[[[77.2883433,28.5662394],[77.2885123,28.5663155],[77.2885512,28.566228],[77.2886314,28.5662585],[77.2886725,28.5661786],[77.2886422,28.5661653],[77.2886682,28.566112],[77.2886379,28.5660949],[77.2884516,28.5660473],[77.2883433,28.5662394]]]}},{"type":"Feature","id":"way/1038152733","properties":{"layer":"building","name":"Masjid Shadab","osmId":"way/1038152733","tags":{"amenity":"place_of_worship","building":"yes","name":"Masjid Shadab","religion":"muslim"}},"geometry":{"type":"Polygon","coordinates":[[[77.2870452,28.5673985],[77.2870083,28.5673267],[77.2873248,28.5672085],[77.2873855,28.5673012],[77.2870452,28.5673985]]]}},{"type":"Feature","id":"way/1038152735","properties":{"layer":"pitch","name":"Tikona Park Okhla","osmId":"way/1038152735","tags":{"leisure":"park","name":"Tikona Park Okhla"}},"geometry":{"type":"Polygon","coordinates":[[[77.2855183,28.56196],[77.2859577,28.5621905],[77.2861653,28.5622978],[77.2874531,28.5622602],[77.2877094,28.5619815],[77.2871784,28.5613114],[77.2866902,28.5598372],[77.2865803,28.5595531],[77.2865193,28.5594083],[77.2866841,28.5580842],[77.2864155,28.5578912],[77.2864033,28.5577893],[77.285622,28.5574623],[77.2857807,28.5572318],[77.2859822,28.5568726],[77.2865742,28.5563955],[77.2863362,28.5558326],[77.2859272,28.5560846],[77.2857624,28.5561543],[77.2855,28.5551732],[77.2848469,28.5555163],[77.2839985,28.5566099],[77.2834553,28.5572854],[77.2836567,28.5580199],[77.2841816,28.5583415],[77.2844563,28.5586096],[77.2848896,28.5586042],[77.2856282,28.5590223],[77.2857502,28.5592689],[77.2855366,28.5597836],[77.2855488,28.5599926],[77.2856709,28.5600838],[77.2858906,28.5608986],[77.2856648,28.5615473],[77.2855183,28.56196]]]}},{"type":"Feature","id":"way/1041428039","properties":{"layer":"road","osmId":"way/1041428039","tags":{"highway":"residential"}},"geometry":{"type":"LineString","coordinates":[[77.2839739,28.5652913],[77.2840495,28.5653578],[77.2841569,28.5654032],[77.2843086,28.5654552],[77.2843981,28.5654832],[77.2844588,28.5655165],[77.284521,28.5655658],[77.2846136,28.5656591],[77.2847662,28.5658894],[77.284828,28.5659826]]}},{"type":"Feature","id":"way/1042816357","properties":{"layer":"road","osmId":"way/1042816357","tags":{"highway":"residential"}},"geometry":{"type":"LineString","coordinates":[[77.2855441,28.5551925],[77.2855804,28.555333],[77.2856909,28.5557062],[77.2857414,28.5558379],[77.2857998,28.5559351],[77.2858786,28.5560502],[77.2861801,28.5564893],[77.2862595,28.5566071]]}},{"type":"Feature","id":"way/1042816360","properties":{"layer":"road","osmId":"way/1042816360","tags":{"highway":"residential"}},"geometry":{"type":"LineString","coordinates":[[77.2858786,28.5560502],[77.2863346,28.5557675],[77.2864327,28.5557011]]}},{"type":"Feature","id":"way/1042816361","properties":{"layer":"road","osmId":"way/1042816361","tags":{"highway":"residential"}},"geometry":{"type":"LineString","coordinates":[[77.2860932,28.5549994],[77.2862381,28.555268],[77.2864327,28.5557011]]}},{"type":"Feature","id":"way/1042816362","properties":{"layer":"road","osmId":"way/1042816362","tags":{"highway":"residential"}},"geometry":{"type":"LineString","coordinates":[[77.2864097,28.554887],[77.2860932,28.5549994],[77.2859757,28.55502],[77.2859315,28.5550276],[77.2857949,28.5550525]]}},{"type":"Feature","id":"way/1053269162","properties":{"layer":"road","osmId":"way/1053269162","tags":{"highway":"living_street"}},"geometry":{"type":"LineString","coordinates":[[77.2888964,28.5545314],[77.2888826,28.5544492],[77.2888774,28.5543545],[77.2888898,28.5543323],[77.2893977,28.5542188],[77.2902645,28.5540198],[77.2905631,28.5539335],[77.2907093,28.5538661],[77.2908549,28.5538047],[77.2911644,28.553643]]}},{"type":"Feature","id":"way/1053269164","properties":{"layer":"road","osmId":"way/1053269164","tags":{"highway":"living_street"}},"geometry":{"type":"LineString","coordinates":[[77.2889429,28.5553179],[77.2895219,28.5554286]]}},{"type":"Feature","id":"way/1057868247","properties":{"layer":"road","osmId":"way/1057868247","tags":{"access":"permissive","highway":"residential"}},"geometry":{"type":"LineString","coordinates":[[77.2777079,28.5549858],[77.2772141,28.5545874],[77.2767056,28.5542467]]}},{"type":"Feature","id":"way/1057868254","properties":{"layer":"road","osmId":"way/1057868254","tags":{"highway":"residential"}},"geometry":{"type":"LineString","coordinates":[[77.2917956,28.5543769],[77.2911335,28.5541599]]}},{"type":"Feature","id":"way/1057868255","properties":{"layer":"road","osmId":"way/1057868255","tags":{"highway":"living_street"}},"geometry":{"type":"LineString","coordinates":[[77.2910831,28.5542809],[77.2905369,28.554125]]}},{"type":"Feature","id":"way/1057868256","properties":{"layer":"road","osmId":"way/1057868256","tags":{"highway":"living_street"}},"geometry":{"type":"LineString","coordinates":[[77.2908948,28.5546998],[77.2904828,28.5545581],[77.2900954,28.5544032],[77.2900553,28.5543921],[77.2899921,28.5543834],[77.2899515,28.554381],[77.2897589,28.5543949]]}},{"type":"Feature","id":"way/1057868257","properties":{"layer":"road","osmId":"way/1057868257","tags":{"highway":"residential"}},"geometry":{"type":"LineString","coordinates":[[77.2892589,28.5550935],[77.2893134,28.5548896],[77.2893286,28.55485],[77.2893763,28.5547605],[77.2894126,28.5546694],[77.2894273,28.5546207],[77.2894398,28.5545806],[77.289452,28.5545297],[77.289452,28.554422]]}},{"type":"Feature","id":"way/1057868258","properties":{"layer":"road","osmId":"way/1057868258","tags":{"highway":"living_street"}},"geometry":{"type":"LineString","coordinates":[[77.2894398,28.5545806],[77.2893682,28.5546017],[77.2889334,28.5546857]]}},{"type":"Feature","id":"way/1057868260","properties":{"layer":"road","osmId":"way/1057868260","tags":{"highway":"living_street"}},"geometry":{"type":"LineString","coordinates":[[77.2888964,28.5545314],[77.2891945,28.5544826],[77.289452,28.554422]]}},{"type":"Feature","id":"way/1057868261","properties":{"layer":"road","osmId":"way/1057868261","tags":{"highway":"living_street"}},"geometry":{"type":"LineString","coordinates":[[77.2907284,28.5550808],[77.290691,28.555062],[77.2901975,28.5548783],[77.2900964,28.5548461]]}},{"type":"Feature","id":"way/1057868262","properties":{"layer":"road","name":"Okhla Vihar Main Road","osmId":"way/1057868262","tags":{"highway":"tertiary","name":"Okhla Vihar Main Road"}},"geometry":{"type":"LineString","coordinates":[[77.2891527,28.5568051],[77.2892456,28.5564721],[77.2893219,28.5561863],[77.2893982,28.5559252],[77.2894079,28.5558906],[77.2894376,28.555784],[77.2895219,28.5554286],[77.2896008,28.5551947]]}},{"type":"Feature","id":"way/1057868264","properties":{"layer":"road","osmId":"way/1057868264","tags":{"highway":"living_street"}},"geometry":{"type":"LineString","coordinates":[[77.2899812,28.554589],[77.2907909,28.5548524],[77.2908308,28.5548657]]}},{"type":"Feature","id":"way/1057868266","properties":{"layer":"road","osmId":"way/1057868266","tags":{"highway":"living_street"}},"geometry":{"type":"LineString","coordinates":[[77.2899347,28.5552805],[77.290038,28.5550245],[77.2900964,28.5548461]]}},{"type":"Feature","id":"way/1057868267","properties":{"layer":"road","osmId":"way/1057868267","tags":{"highway":"living_street"}},"geometry":{"type":"LineString","coordinates":[[77.290038,28.5550245],[77.2903975,28.5551578],[77.2906432,28.5552598]]}},{"type":"Feature","id":"way/1057868269","properties":{"layer":"road","osmId":"way/1057868269","tags":{"highway":"residential"}},"geometry":{"type":"LineString","coordinates":[[77.2871644,28.5542303],[77.2871616,28.5545792],[77.2872075,28.5547999],[77.2872366,28.5549306],[77.2872472,28.5549775],[77.2872568,28.5550573],[77.2872729,28.5552127]]}},{"type":"Feature","id":"way/1057868270","properties":{"layer":"road","osmId":"way/1057868270","tags":{"highway":"residential"}},"geometry":{"type":"LineString","coordinates":[[77.2864097,28.554887],[77.2864576,28.5549819],[77.2865607,28.5553775]]}},{"type":"Feature","id":"way/1057868271","properties":{"layer":"road","osmId":"way/1057868271","tags":{"highway":"residential"}},"geometry":{"type":"LineString","coordinates":[[77.2864097,28.554887],[77.2863595,28.5546414]]}},{"type":"Feature","id":"way/1057868272","properties":{"layer":"road","osmId":"way/1057868272","tags":{"highway":"residential"}},"geometry":{"type":"LineString","coordinates":[[77.2864097,28.554887],[77.2864448,28.5548542],[77.2864628,28.5548421],[77.2864868,28.5548347],[77.2865513,28.5548189],[77.2867231,28.554785],[77.2867565,28.5547859],[77.2868032,28.5547987],[77.286925,28.5548378]]}},{"type":"Feature","id":"way/1057868274","properties":{"layer":"road","osmId":"way/1057868274","tags":{"highway":"residential"}},"geometry":{"type":"LineString","coordinates":[[77.2881507,28.5577817],[77.2883323,28.5578016],[77.2889095,28.5578442],[77.289018,28.5578471],[77.2890831,28.5578489],[77.2891088,28.5578542],[77.289132,28.5578649],[77.2891565,28.5578823],[77.2894092,28.5580541],[77.2895466,28.5581209],[77.2895844,28.5581384],[77.2897089,28.5581804],[77.2897646,28.5581932],[77.2898993,28.5582202],[77.2903657,28.5582943]]}},{"type":"Feature","id":"way/1057868275","properties":{"layer":"road","osmId":"way/1057868275","tags":{"highway":"residential"}},"geometry":{"type":"LineString","coordinates":[[77.2891527,28.5568051],[77.2898679,28.556868],[77.289885,28.5568681],[77.2898945,28.5568671],[77.2899053,28.5568653],[77.2899189,28.556861],[77.2899256,28.5568553],[77.2899328,28.5568448],[77.2899742,28.5567302],[77.2901013,28.556395],[77.2901096,28.5563792],[77.2901209,28.5563725],[77.2901361,28.5563703],[77.2901576,28.5563717],[77.2907811,28.5565105]]}},{"type":"Feature","id":"way/1057868276","properties":{"layer":"road","osmId":"way/1057868276","tags":{"highway":"residential"}},"geometry":{"type":"LineString","coordinates":[[77.2892456,28.5564721],[77.2894717,28.5565145]]}},{"type":"Feature","id":"way/1057868277","properties":{"layer":"road","osmId":"way/1057868277","tags":{"highway":"residential"}},"geometry":{"type":"LineString","coordinates":[[77.2893219,28.5561863],[77.2897473,28.5562563],[77.2897883,28.55626],[77.2898378,28.5562514],[77.2898766,28.5562416],[77.2899074,28.5562288],[77.2899268,28.5562081],[77.2899812,28.5560009],[77.2899825,28.5559736],[77.2899753,28.5559528],[77.289957,28.5559412],[77.2894376,28.555784]]}},{"type":"Feature","id":"way/1057868278","properties":{"layer":"road","osmId":"way/1057868278","tags":{"highway":"residential"}},"geometry":{"type":"LineString","coordinates":[[77.2891076,28.5558291],[77.2888666,28.5567541],[77.2888505,28.5568087]]}},{"type":"Feature","id":"way/1057868280","properties":{"layer":"road","osmId":"way/1057868280","tags":{"highway":"residential"}},"geometry":{"type":"LineString","coordinates":[[77.2875202,28.556415],[77.2876784,28.556461],[77.2877079,28.5564668],[77.2877361,28.5564668],[77.2883572,28.5564163],[77.2883764,28.5564069],[77.2883833,28.5563879],[77.2883799,28.5563676],[77.2883368,28.5561338],[77.288298,28.5558548]]}},{"type":"Feature","id":"way/1057868282","properties":{"layer":"road","osmId":"way/1057868282","tags":{"highway":"residential"}},"geometry":{"type":"LineString","coordinates":[[77.2875041,28.5562643],[77.2875202,28.556415]]}},{"type":"Feature","id":"way/1057868283","properties":{"layer":"road","osmId":"way/1057868283","tags":{"highway":"residential"}},"geometry":{"type":"LineString","coordinates":[[77.2875041,28.5562643],[77.2874323,28.5559897]]}},{"type":"Feature","id":"way/1057869909","properties":{"layer":"road","osmId":"way/1057869909","tags":{"highway":"residential"}},"geometry":{"type":"LineString","coordinates":[[77.2833949,28.5563952],[77.2834142,28.5563641],[77.2834371,28.556332],[77.2834623,28.5563012],[77.2834893,28.5562737],[77.2835504,28.556206],[77.2835977,28.5561579],[77.2836213,28.5561325],[77.2837208,28.5560137],[77.2837517,28.5559756],[77.2837634,28.5559671],[77.2837793,28.5559637],[77.283794,28.5559665],[77.2838162,28.5559687],[77.2838245,28.5559915],[77.2838377,28.556009],[77.2839249,28.5561173],[77.2839489,28.5561434],[77.2839849,28.5561723],[77.2840795,28.5562502]]}},{"type":"Feature","id":"way/1057869914","properties":{"layer":"road","osmId":"way/1057869914","tags":{"highway":"residential"}},"geometry":{"type":"LineString","coordinates":[[77.2749832,28.5554725],[77.2757505,28.5557161],[77.276075,28.5558235],[77.2762731,28.5559136],[77.2765317,28.556093],[77.2765948,28.5561429],[77.2767329,28.5562437],[77.2769534,28.5564152],[77.277522,28.5568889]]}},{"type":"Feature","id":"way/1057869917","properties":{"layer":"road","osmId":"way/1057869917","tags":{"access":"private","highway":"service"}},"geometry":{"type":"LineString","coordinates":[[77.2837231,28.5591334],[77.2835842,28.5593315],[77.2834539,28.5594718],[77.2830784,28.5599001]]}},{"type":"Feature","id":"way/1057869918","properties":{"layer":"road","osmId":"way/1057869918","tags":{"access":"private","highway":"service"}},"geometry":{"type":"LineString","coordinates":[[77.2845265,28.5601042],[77.2841462,28.5599391],[77.2839796,28.5598769],[77.2835535,28.5597638]]}},{"type":"Feature","id":"way/1057869919","properties":{"layer":"road","osmId":"way/1057869919","tags":{"access":"private","highway":"service"}},"geometry":{"type":"LineString","coordinates":[[77.2838046,28.5613061],[77.2838401,28.5612447],[77.2838816,28.5611761],[77.283923,28.5611074],[77.2840453,28.5609049],[77.2842334,28.5606116],[77.2845265,28.5601042],[77.2846791,28.5598725],[77.284726,28.5597858],[77.2847521,28.5597308],[77.2849081,28.5594663],[77.2849208,28.5594301],[77.2849208,28.5594034],[77.2849117,28.5593821],[77.2848844,28.5593608],[77.284543,28.5591995],[77.2844793,28.5591875],[77.2844292,28.5591875],[77.2843958,28.5592008],[77.284369,28.559227],[77.2839796,28.5598769]]}},{"type":"Feature","id":"way/1057869921","properties":{"layer":"road","osmId":"way/1057869921","tags":{"highway":"residential"}},"geometry":{"type":"LineString","coordinates":[[77.2884804,28.5603337],[77.288121,28.5607294],[77.2874137,28.5614547]]}},{"type":"Feature","id":"way/1057869924","properties":{"layer":"road","osmId":"way/1057869924","tags":{"highway":"residential"}},"geometry":{"type":"LineString","coordinates":[[77.2891203,28.5632469],[77.2891358,28.5632506],[77.2891559,28.5632591],[77.2893076,28.5633656],[77.2893157,28.5633797],[77.2893156,28.5633946],[77.2893149,28.5634081],[77.2893075,28.5634256],[77.289092,28.5635927]]}},{"type":"Feature","id":"way/1057869925","properties":{"layer":"road","osmId":"way/1057869925","tags":{"highway":"residential"}},"geometry":{"type":"LineString","coordinates":[[77.2900237,28.5635119],[77.2895369,28.563198],[77.2891895,28.5630445],[77.2888492,28.5629009],[77.2888278,28.5628864],[77.2888162,28.5628733],[77.2888056,28.5628537],[77.2888008,28.562831]]}},{"type":"Feature","id":"way/1057869927","properties":{"layer":"road","osmId":"way/1057869927","tags":{"access":"private","highway":"service"}},"geometry":{"type":"LineString","coordinates":[[77.280605,28.5616424],[77.2812218,28.561659]]}},{"type":"Feature","id":"way/1057869928","properties":{"layer":"road","osmId":"way/1057869928","tags":{"access":"private","highway":"service"}},"geometry":{"type":"LineString","coordinates":[[77.280605,28.5616424],[77.28061,28.5622635],[77.2806105,28.562323],[77.2806119,28.562504]]}},{"type":"Feature","id":"way/1057869929","properties":{"layer":"road","osmId":"way/1057869929","tags":{"access":"private","highway":"service"}},"geometry":{"type":"LineString","coordinates":[[77.280605,28.5616424],[77.279596,28.5616471]]}},{"type":"Feature","id":"way/1057869930","properties":{"layer":"road","osmId":"way/1057869930","tags":{"access":"private","highway":"service"}},"geometry":{"type":"LineString","coordinates":[[77.280605,28.5616424],[77.2806117,28.5611993]]}},{"type":"Feature","id":"way/1057869931","properties":{"layer":"road","osmId":"way/1057869931","tags":{"highway":"service"}},"geometry":{"type":"LineString","coordinates":[[77.2736375,28.5643747],[77.2754792,28.5643625],[77.2761905,28.5643578],[77.2762803,28.564362],[77.2763625,28.5643758],[77.2769402,28.5645273],[77.2770058,28.5645414],[77.2770862,28.5645512],[77.2778501,28.5645528],[77.2779425,28.5645498],[77.2780383,28.5645466],[77.2780704,28.5645398],[77.2781099,28.5645218],[77.2781329,28.5644938],[77.2781444,28.5644669],[77.2781519,28.5644218]]}},{"type":"Feature","id":"way/1064106554","properties":{"layer":"road","osmId":"way/1064106554","tags":{"highway":"residential"}},"geometry":{"type":"LineString","coordinates":[[77.2842118,28.5669003],[77.2840911,28.566794],[77.2840397,28.5667515],[77.2839627,28.5666877],[77.283901,28.5666293],[77.2836591,28.5664033]]}},{"type":"Feature","id":"way/1064106555","properties":{"layer":"road","osmId":"way/1064106555","tags":{"highway":"residential"}},"geometry":{"type":"LineString","coordinates":[[77.2836591,28.5664033],[77.2833963,28.5666529],[77.2832853,28.5667536],[77.2832312,28.566791],[77.2830848,28.5668727],[77.2827881,28.567011],[77.2827234,28.5670412],[77.2826457,28.5670694],[77.2825502,28.5670955],[77.2823843,28.5671467],[77.2814637,28.567509]]}},{"type":"Feature","id":"way/1064106556","properties":{"layer":"road","osmId":"way/1064106556","tags":{"highway":"residential"}},"geometry":{"type":"LineString","coordinates":[[77.2849678,28.5661953],[77.2840397,28.5667515]]}},{"type":"Feature","id":"way/1064106557","properties":{"layer":"road","osmId":"way/1064106557","tags":{"highway":"residential"}},"geometry":{"type":"LineString","coordinates":[[77.282832,28.5675942],[77.2827835,28.5674113],[77.2827674,28.5673654],[77.28275,28.5673209],[77.2826457,28.5670694],[77.2825785,28.5669363],[77.2823892,28.5665942],[77.2822436,28.5662906],[77.2821213,28.5659415]]}},{"type":"Feature","id":"way/1064247968","properties":{"layer":"road","osmId":"way/1064247968","tags":{"highway":"residential","surface":"concrete"}},"geometry":{"type":"LineString","coordinates":[[77.286293,28.5650479],[77.2867946,28.565975]]}},{"type":"Feature","id":"way/1074394665","properties":{"layer":"road","osmId":"way/1074394665","tags":{"highway":"residential"}},"geometry":{"type":"LineString","coordinates":[[77.2895369,28.563198],[77.2897688,28.5628213],[77.2899034,28.5625401],[77.2899163,28.5624818]]}},{"type":"Feature","id":"way/1074416269","properties":{"layer":"road","osmId":"way/1074416269","tags":{"highway":"residential"}},"geometry":{"type":"LineString","coordinates":[[77.2805944,28.5665576],[77.280979,28.5663931],[77.2811545,28.566318],[77.2812475,28.5662782],[77.2817947,28.5660624],[77.2821213,28.5659415]]}},{"type":"Feature","id":"way/1074428260","properties":{"layer":"road","osmId":"way/1074428260","tags":{"highway":"residential"}},"geometry":{"type":"LineString","coordinates":[[77.2836591,28.5664033],[77.2837564,28.5662429]]}},{"type":"Feature","id":"way/1074478025","properties":{"layer":"road","name":"Main road","osmId":"way/1074478025","tags":{"highway":"residential","name":"Main road"}},"geometry":{"type":"LineString","coordinates":[[77.286293,28.5650479],[77.286027,28.5651384],[77.2856571,28.5652644],[77.2855699,28.5653103],[77.2854647,28.5653645],[77.2853397,28.5654421],[77.2850132,28.5657009],[77.2847662,28.5658894]]}},{"type":"Feature","id":"way/1074478026","properties":{"layer":"road","osmId":"way/1074478026","tags":{"highway":"residential"}},"geometry":{"type":"LineString","coordinates":[[77.2830101,28.5659591],[77.283132,28.5658994],[77.2833884,28.5657748],[77.2834495,28.5657365]]}},{"type":"Feature","id":"way/1074478876","properties":{"layer":"road","osmId":"way/1074478876","tags":{"highway":"residential"}},"geometry":{"type":"LineString","coordinates":[[77.2805944,28.5665576],[77.2805079,28.5665836],[77.280158,28.5667121]]}},{"type":"Feature","id":"way/1074480215","properties":{"layer":"road","osmId":"way/1074480215","tags":{"access":"private","highway":"service"}},"geometry":{"type":"LineString","coordinates":[[77.2806119,28.562504],[77.2806223,28.5627479],[77.2806389,28.5631354],[77.2806427,28.5632363],[77.2806517,28.5632564],[77.2806657,28.5632721],[77.2806951,28.5632878],[77.2807844,28.5633035],[77.2808571,28.5633102],[77.2809541,28.5633125],[77.2810332,28.563308],[77.2811199,28.5632867],[77.2812493,28.5632456]]}},{"type":"Feature","id":"way/1074482684","properties":{"layer":"road","osmId":"way/1074482684","tags":{"access":"private","highway":"service"}},"geometry":{"type":"LineString","coordinates":[[77.2799756,28.5635646],[77.2800038,28.5635637],[77.2804207,28.56355],[77.2804628,28.5635377],[77.2804998,28.5635198],[77.2805317,28.5634951],[77.2805726,28.563438],[77.2806657,28.5632721]]}},{"type":"Feature","id":"way/1074490395","properties":{"layer":"road","osmId":"way/1074490395","tags":{"access":"private","highway":"service"}},"geometry":{"type":"LineString","coordinates":[[77.2851057,28.563248],[77.284923,28.5631701],[77.2845409,28.5630217],[77.2842854,28.5629216],[77.2840295,28.562809],[77.2839358,28.5627671],[77.2835896,28.5626123],[77.2835423,28.562597],[77.2834962,28.5625821],[77.2834164,28.5625672],[77.2830489,28.5625653]]}},{"type":"Feature","id":"way/1074492722","properties":{"layer":"road","osmId":"way/1074492722","tags":{"access":"private","highway":"service"}},"geometry":{"type":"LineString","coordinates":[[77.2846791,28.5598725],[77.2853957,28.5601345],[77.2854641,28.5601509]]}},{"type":"Feature","id":"way/1074492723","properties":{"layer":"road","osmId":"way/1074492723","tags":{"access":"private","highway":"service"}},"geometry":{"type":"LineString","coordinates":[[77.283923,28.5611074],[77.28415,28.5611265],[77.284194,28.5611252],[77.2842411,28.5611145],[77.2842927,28.5610919],[77.284851,28.5608373],[77.2850483,28.5607307],[77.2850938,28.5606988],[77.2851378,28.5606561],[77.2851696,28.5606068],[77.2853957,28.5601345]]}},{"type":"Feature","id":"way/1074496874","properties":{"layer":"road","osmId":"way/1074496874","tags":{"access":"private","highway":"service"}},"geometry":{"type":"LineString","coordinates":[[77.2835423,28.562597],[77.2838398,28.562064],[77.2838857,28.5619855],[77.2839176,28.5619575],[77.2839457,28.5619452],[77.2839788,28.5619396],[77.2840095,28.5619407],[77.2840509,28.5619513]]}},{"type":"Feature","id":"way/1074496875","properties":{"layer":"road","osmId":"way/1074496875","tags":{"access":"private","highway":"service"}},"geometry":{"type":"LineString","coordinates":[[77.2844101,28.5620959],[77.2840295,28.562809]]}},{"type":"Feature","id":"way/1074496876","properties":{"layer":"road","osmId":"way/1074496876","tags":{"highway":"residential"}},"geometry":{"type":"LineString","coordinates":[[77.2839929,28.5645076],[77.2844349,28.5649922],[77.2844426,28.5650072],[77.2844462,28.5650278],[77.2844426,28.5650405],[77.28443,28.5650595],[77.2844164,28.5650714],[77.2843181,28.5651166],[77.2839739,28.5652913]]}},{"type":"Feature","id":"way/1074496877","properties":{"layer":"road","osmId":"way/1074496877","tags":{"access":"private","highway":"service"}},"geometry":{"type":"LineString","coordinates":[[77.2854183,28.56207],[77.285418,28.5621199],[77.2854157,28.5625395],[77.2854136,28.5625889],[77.2854022,28.562644],[77.2853634,28.5627444],[77.2853406,28.5627933],[77.2851057,28.563248],[77.285026,28.5633997],[77.2848997,28.5636831],[77.2848945,28.5637009],[77.2848945,28.5637169],[77.2849009,28.563733],[77.284917,28.5637433],[77.284961,28.5637622],[77.2850721,28.563807],[77.2855401,28.5639956]]}},{"type":"Feature","id":"way/1074509907","properties":{"layer":"road","osmId":"way/1074509907","tags":{"access":"private","highway":"service"}},"geometry":{"type":"LineString","coordinates":[[77.282888,28.5636071],[77.2830607,28.5633037],[77.2831068,28.5632481],[77.2831658,28.563185],[77.283217,28.5631535],[77.2832535,28.5631281],[77.2832696,28.5631092],[77.28329,28.5630687],[77.2833211,28.5629717],[77.283335,28.56295],[77.2833554,28.562934],[77.2833876,28.5629236],[77.2834198,28.562917],[77.2835496,28.5629085],[77.2836987,28.5628869],[77.2837309,28.5628784],[77.283776,28.5628614],[77.2838178,28.5628416],[77.2839358,28.5627671]]}},{"type":"Feature","id":"way/1074687545","properties":{"layer":"road","osmId":"way/1074687545","tags":{"highway":"service"}},"geometry":{"type":"LineString","coordinates":[[77.2811469,28.5657916],[77.2809481,28.5658247],[77.280929,28.5658385],[77.2809188,28.5658487],[77.2809112,28.5658595],[77.280906,28.5658687],[77.2807161,28.566255]]}},{"type":"Feature","id":"way/1074692836","properties":{"layer":"road","osmId":"way/1074692836","tags":{"highway":"service"}},"geometry":{"type":"LineString","coordinates":[[77.2763732,28.5589462],[77.2765404,28.5586651],[77.2765716,28.5586127],[77.2766477,28.558497],[77.2766676,28.5584796],[77.2766949,28.5584706],[77.2767217,28.5584692],[77.2767534,28.5584725],[77.2767893,28.5584829],[77.2768403,28.5585079],[77.2773215,28.5587208],[77.277742,28.5589046],[77.2779282,28.5589825],[77.2779767,28.5590071],[77.2779965,28.5590262],[77.278015,28.559052],[77.278029,28.5590794],[77.2780367,28.5591147],[77.2780386,28.5591646],[77.2780102,28.5594173]]}},{"type":"Feature","id":"way/1074696715","properties":{"layer":"road","osmId":"way/1074696715","tags":{"highway":"service"}},"geometry":{"type":"LineString","coordinates":[[77.2798344,28.5551073],[77.2799329,28.5550366],[77.2805529,28.5545914]]}},{"type":"Feature","id":"way/1074696716","properties":{"layer":"road","osmId":"way/1074696716","tags":{"highway":"residential","surface":"concrete"}},"geometry":{"type":"LineString","coordinates":[[77.28795,28.5665324],[77.2885167,28.5664646],[77.2885668,28.5664646],[77.2885941,28.5664686],[77.288623,28.5664821],[77.2886505,28.5664983]]}},{"type":"Feature","id":"way/1074702076","properties":{"layer":"road","osmId":"way/1074702076","tags":{"highway":"residential"}},"geometry":{"type":"LineString","coordinates":[[77.2813554,28.5549913],[77.2818663,28.555564]]}},{"type":"Feature","id":"way/1074702077","properties":{"layer":"road","osmId":"way/1074702077","tags":{"highway":"service"}},"geometry":{"type":"LineString","coordinates":[[77.2797088,28.5561149],[77.2800944,28.5565221],[77.2801061,28.5565427],[77.2801115,28.5565665],[77.2801142,28.5566005],[77.2801133,28.5566489]]}},{"type":"Feature","id":"way/1074702078","properties":{"layer":"road","osmId":"way/1074702078","tags":{"access":"private","highway":"service"}},"geometry":{"type":"LineString","coordinates":[[77.2783426,28.5634494],[77.2786513,28.5634943],[77.2786857,28.5635043],[77.2787029,28.5635154],[77.2787119,28.5635321],[77.2787146,28.5635614],[77.2787128,28.5638728],[77.2787191,28.5638926],[77.2787327,28.5639077],[77.2787561,28.5639196],[77.2788039,28.5639322],[77.278859,28.563932],[77.2799491,28.5638989],[77.2799775,28.563898]]}},{"type":"Feature","id":"way/1074708421","properties":{"layer":"road","osmId":"way/1074708421","tags":{"highway":"residential"}},"geometry":{"type":"LineString","coordinates":[[77.2862595,28.5566071],[77.2862772,28.5566477],[77.2862836,28.5566703],[77.286289,28.5567372],[77.2862858,28.5567627],[77.2862692,28.5567918],[77.2861621,28.5569108],[77.2859144,28.5572151]]}},{"type":"Feature","id":"way/1074722362","properties":{"layer":"road","osmId":"way/1074722362","tags":{"highway":"residential"}},"geometry":{"type":"LineString","coordinates":[[77.2888964,28.5545314],[77.2886072,28.5545895],[77.2882231,28.5546548],[77.2879933,28.5546869],[77.2875963,28.5547382],[77.2872891,28.5547959],[77.2872075,28.5547999],[77.2871245,28.5548072],[77.2870587,28.5548239],[77.2869982,28.5548333],[77.2869581,28.5548379],[77.286925,28.5548378]]}},{"type":"Feature","id":"way/1074723999","properties":{"layer":"road","name":"Okhla Vihar Main Road","osmId":"way/1074723999","tags":{"highway":"tertiary","name":"Okhla Vihar Main Road"}},"geometry":{"type":"LineString","coordinates":[[77.2896008,28.5551947],[77.2899347,28.5552805],[77.2905314,28.5554738]]}},{"type":"Feature","id":"way/1074727753","properties":{"layer":"road","osmId":"way/1074727753","tags":{"highway":"residential"}},"geometry":{"type":"LineString","coordinates":[[77.2871029,28.5607474],[77.2874726,28.5606077],[77.2875369,28.5605719],[77.2876067,28.5605163],[77.2876635,28.5604532],[77.2876855,28.5604281],[77.2880466,28.560016],[77.288112,28.559953],[77.2881313,28.5599427],[77.2881549,28.5599417],[77.2881892,28.5599511],[77.2882375,28.5599803],[77.2885647,28.5601971],[77.2886055,28.5602159],[77.2886709,28.5602329],[77.2887439,28.5602574],[77.2888308,28.5602762],[77.2889413,28.5602951],[77.2890378,28.5602998],[77.2892877,28.5603144]]}},{"type":"Feature","id":"way/1074727754","properties":{"layer":"road","osmId":"way/1074727754","tags":{"highway":"residential"}},"geometry":{"type":"LineString","coordinates":[[77.287518,28.5595686],[77.2874108,28.5596383],[77.2873947,28.5596534],[77.287385,28.5596713],[77.2873839,28.5596968],[77.2873925,28.5597335],[77.287488,28.5599811],[77.2874997,28.5599922],[77.287515,28.5599978],[77.2875358,28.5599994],[77.2876215,28.5599804],[77.2876368,28.559978],[77.2876504,28.5599804],[77.2876621,28.5599875],[77.2876675,28.5599978],[77.2876702,28.5600216],[77.2876896,28.5602153],[77.287693,28.5603074],[77.2876902,28.560363],[77.2876855,28.5604281]]}},{"type":"Feature","id":"way/1074727755","properties":{"layer":"road","osmId":"way/1074727755","tags":{"highway":"residential"}},"geometry":{"type":"LineString","coordinates":[[77.2912224,28.5637661],[77.2911812,28.563713],[77.2911708,28.5636928],[77.2911659,28.5636473],[77.2911633,28.5635603],[77.291148,28.5634528],[77.2911187,28.563306],[77.291074,28.5630191],[77.2910246,28.5626558]]}},{"type":"Feature","id":"way/1074734604","properties":{"layer":"road","osmId":"way/1074734604","tags":{"highway":"residential"}},"geometry":{"type":"LineString","coordinates":[[77.2856654,28.5649183],[77.2858336,28.5648605],[77.2858519,28.5648572],[77.2858748,28.564858],[77.2858958,28.5648669],[77.2859073,28.5648781],[77.2859187,28.5648974],[77.286027,28.5651384]]}},{"type":"Feature","id":"way/1074737010","properties":{"layer":"road","osmId":"way/1074737010","tags":{"highway":"residential"}},"geometry":{"type":"LineString","coordinates":[[77.291465,28.5549411],[77.2916436,28.5550386],[77.2917295,28.5550741],[77.2919784,28.5551599]]}},{"type":"Feature","id":"way/1074767849","properties":{"layer":"road","osmId":"way/1074767849","tags":{"highway":"residential"}},"geometry":{"type":"LineString","coordinates":[[77.2889811,28.5548917],[77.2872729,28.5552127],[77.2865607,28.5553775],[77.2865456,28.5553851],[77.2865348,28.5553969],[77.2865294,28.5554131],[77.286534,28.5555773],[77.2865316,28.5555981],[77.2865224,28.5556183],[77.286511,28.555632],[77.2864977,28.5556478],[77.2864692,28.5556716],[77.2864327,28.5557011]]}},{"type":"Feature","id":"way/1074769777","properties":{"layer":"road","osmId":"way/1074769777","tags":{"access":"private","highway":"service"}},"geometry":{"type":"LineString","coordinates":[[77.2818006,28.5571286],[77.2814301,28.5566611],[77.2813761,28.5565965],[77.2814014,28.5565749],[77.2814314,28.5565569],[77.2819698,28.5562174],[77.2820505,28.5561879],[77.2820871,28.556186],[77.2821152,28.5561882],[77.2821471,28.5561972],[77.2821765,28.5562207],[77.2824175,28.5564795]]}},{"type":"Feature","id":"way/1076534253","properties":{"layer":"road","osmId":"way/1076534253","tags":{"highway":"service"}},"geometry":{"type":"LineString","coordinates":[[77.2818578,28.5545665],[77.2819185,28.5544304],[77.281973,28.5543212],[77.2821012,28.5540645],[77.2821456,28.5539737],[77.2823466,28.5534844],[77.2826862,28.5526879]]}},{"type":"Feature","id":"way/1076534256","properties":{"layer":"road","osmId":"way/1076534256","tags":{"highway":"living_street"}},"geometry":{"type":"LineString","coordinates":[[77.2825379,28.5543953],[77.2822829,28.5539482]]}},{"type":"Feature","id":"way/1076534257","properties":{"layer":"road","osmId":"way/1076534257","tags":{"highway":"living_street"}},"geometry":{"type":"LineString","coordinates":[[77.2828356,28.5542841],[77.2824555,28.5536504]]}},{"type":"Feature","id":"way/1076742638","properties":{"layer":"road","osmId":"way/1076742638","tags":{"highway":"service"}},"geometry":{"type":"LineString","coordinates":[[77.2779425,28.5645498],[77.2780014,28.5652376],[77.2779936,28.5652858],[77.2779698,28.5653189],[77.2779266,28.5653358],[77.2768007,28.5653358],[77.2754383,28.5653404],[77.2753897,28.5653406],[77.27375,28.5653437],[77.2737235,28.5653264],[77.273708,28.5653025],[77.2737036,28.5652786],[77.2737015,28.5644725],[77.2736977,28.5644414],[77.2736883,28.5644175],[77.2736683,28.564399],[77.2736375,28.5643747],[77.2735129,28.5643496],[77.273492,28.5643338],[77.273472,28.5643019],[77.2734606,28.5642663],[77.2734836,28.5625318]]}},{"type":"Feature","id":"way/1078793200","properties":{"layer":"road","osmId":"way/1078793200","tags":{"highway":"residential"}},"geometry":{"type":"LineString","coordinates":[[77.2836589,28.5555502],[77.2838026,28.5553871],[77.2839948,28.5549867],[77.2841833,28.5545652]]}},{"type":"Feature","id":"way/1078793201","properties":{"layer":"road","osmId":"way/1078793201","tags":{"highway":"residential"}},"geometry":{"type":"LineString","coordinates":[[77.2838162,28.5559687],[77.2838086,28.5558881],[77.2837732,28.5558295],[77.2837517,28.5557939],[77.2836232,28.5557044],[77.2835546,28.5556566]]}},{"type":"Feature","id":"way/1081301856","properties":{"layer":"road","osmId":"way/1081301856","tags":{"highway":"residential"}},"geometry":{"type":"LineString","coordinates":[[77.2829871,28.5566393],[77.282595,28.5564106]]}},{"type":"Feature","id":"way/1081301857","properties":{"layer":"road","osmId":"way/1081301857","tags":{"highway":"residential"}},"geometry":{"type":"LineString","coordinates":[[77.2832359,28.5563052],[77.2828446,28.5560723]]}},{"type":"Feature","id":"way/1091202236","properties":{"layer":"road","osmId":"way/1091202236","tags":{"highway":"residential"}},"geometry":{"type":"LineString","coordinates":[[77.2836232,28.5557044],[77.28379,28.55549],[77.2840217,28.5554507]]}},{"type":"Feature","id":"way/1091202237","properties":{"layer":"road","osmId":"way/1091202237","tags":{"highway":"residential"}},"geometry":{"type":"LineString","coordinates":[[77.2837732,28.5558295],[77.2840217,28.5554507]]}},{"type":"Feature","id":"way/1091202238","properties":{"layer":"road","osmId":"way/1091202238","tags":{"highway":"residential"}},"geometry":{"type":"LineString","coordinates":[[77.2840217,28.5554507],[77.2843022,28.5554436],[77.284473,28.5551865],[77.2847575,28.5553186]]}},{"type":"Feature","id":"way/1091202239","properties":{"layer":"road","osmId":"way/1091202239","tags":{"highway":"residential"}},"geometry":{"type":"LineString","coordinates":[[77.2846448,28.5555064],[77.2847575,28.5553186],[77.2850259,28.5550186],[77.284599,28.5546044]]}},{"type":"Feature","id":"way/1115936495","properties":{"layer":"road","osmId":"way/1115936495","tags":{"highway":"residential"}},"geometry":{"type":"LineString","coordinates":[[77.2862858,28.5567627],[77.2867912,28.5563938]]}},{"type":"Feature","id":"way/1117754442","properties":{"layer":"road","osmId":"way/1117754442","tags":{"highway":"service"}},"geometry":{"type":"LineString","coordinates":[[77.2799329,28.5550366],[77.2803329,28.555329],[77.2803408,28.5556906]]}},{"type":"Feature","id":"way/1121150717","properties":{"layer":"road","osmId":"way/1121150717","tags":{"access":"private","highway":"service"}},"geometry":{"type":"LineString","coordinates":[[77.2803124,28.5602792],[77.2804373,28.5602791],[77.2806085,28.5602791],[77.2806084,28.5600549],[77.2813158,28.5600623]]}},{"type":"Feature","id":"way/1126645500","properties":{"layer":"road","osmId":"way/1126645500","tags":{"highway":"residential"}},"geometry":{"type":"LineString","coordinates":[[77.289837,28.5609284],[77.2890369,28.5605827]]}},{"type":"Feature","id":"way/1135075723","properties":{"layer":"road","osmId":"way/1135075723","tags":{"access":"private","highway":"service"}},"geometry":{"type":"LineString","coordinates":[[77.2814141,28.5578318],[77.2804101,28.5572325]]}},{"type":"Feature","id":"way/1135075724","properties":{"layer":"road","osmId":"way/1135075724","tags":{"access":"private","highway":"service"}},"geometry":{"type":"LineString","coordinates":[[77.2820505,28.5561879],[77.2817057,28.5557936],[77.2810488,28.5562063],[77.2813761,28.5565965]]}},{"type":"Feature","id":"way/1151669370","properties":{"layer":"road","osmId":"way/1151669370","tags":{"highway":"residential"}},"geometry":{"type":"LineString","coordinates":[[77.2855256,28.5649963],[77.2854192,28.5647533],[77.285407,28.5646041],[77.2855435,28.5643883],[77.2857801,28.5640126],[77.2857164,28.5639513],[77.2855769,28.5638874],[77.2855496,28.5638261]]}},{"type":"Feature","id":"way/1162378010","properties":{"layer":"road","osmId":"way/1162378010","tags":{"highway":"residential"}},"geometry":{"type":"LineString","coordinates":[[77.2805234,28.5646145],[77.2807187,28.5648323],[77.280787,28.5649097],[77.2809293,28.5650709],[77.2809425,28.5650992],[77.2809396,28.5651375],[77.2809276,28.5651718],[77.2808262,28.5654338],[77.2808265,28.565467],[77.2808359,28.5655003],[77.280864,28.5655396],[77.280984,28.565676],[77.2809953,28.5657028],[77.2809961,28.5657294],[77.2809925,28.5657575],[77.2811469,28.5657916],[77.281232,28.5658419],[77.2812635,28.565877],[77.2812897,28.5659243],[77.2813081,28.5659647],[77.281356,28.5661061]]}},{"type":"Feature","id":"way/1171049615","properties":{"layer":"road","osmId":"way/1171049615","tags":{"highway":"residential"}},"geometry":{"type":"LineString","coordinates":[[77.2825951,28.5572075],[77.2831007,28.5575201]]}},{"type":"Feature","id":"way/1183851945","properties":{"layer":"road","osmId":"way/1183851945","tags":{"access":"private","highway":"service"}},"geometry":{"type":"LineString","coordinates":[[77.2812328,28.5623215],[77.2806105,28.562323]]}},{"type":"Feature","id":"way/1183851946","properties":{"layer":"road","osmId":"way/1183851946","tags":{"access":"private","highway":"service"}},"geometry":{"type":"LineString","coordinates":[[77.28061,28.5622635],[77.279953,28.5622995]]}},{"type":"Feature","id":"way/1183852395","properties":{"layer":"road","osmId":"way/1183852395","tags":{"access":"private","highway":"service"}},"geometry":{"type":"LineString","coordinates":[[77.2868594,28.5623477],[77.2868716,28.5623991],[77.2869516,28.562738],[77.2869741,28.5627661],[77.2872461,28.5627366],[77.2872679,28.5627001],[77.2872016,28.5623931],[77.2871897,28.5623383]]}},{"type":"Feature","id":"way/1183852934","properties":{"layer":"road","osmId":"way/1183852934","tags":{"highway":"residential"}},"geometry":{"type":"LineString","coordinates":[[77.28901,28.5639885],[77.2888679,28.5640788],[77.2888088,28.5641676],[77.2886995,28.5642858],[77.2884521,28.5644116]]}},{"type":"Feature","id":"way/1186804375","properties":{"layer":"road","osmId":"way/1186804375","tags":{"access":"permissive","highway":"residential"}},"geometry":{"type":"LineString","coordinates":[[77.2777143,28.556297],[77.277846,28.5561615],[77.2779811,28.5560432]]}},{"type":"Feature","id":"way/1186804376","properties":{"layer":"road","osmId":"way/1186804376","tags":{"access":"permissive","highway":"residential"}},"geometry":{"type":"LineString","coordinates":[[77.2779811,28.5560432],[77.278023,28.5560767],[77.2786828,28.5566044]]}},{"type":"Feature","id":"way/1190965825","properties":{"layer":"road","osmId":"way/1190965825","tags":{"highway":"residential"}},"geometry":{"type":"LineString","coordinates":[[77.2874323,28.5559897],[77.2873723,28.5556016],[77.2872729,28.5552127]]}},{"type":"Feature","id":"way/1196035500","properties":{"layer":"road","osmId":"way/1196035500","tags":{"highway":"living_street"}},"geometry":{"type":"LineString","coordinates":[[77.28328,28.5646773],[77.2832136,28.5646175],[77.2831955,28.5646049],[77.2831855,28.5646016],[77.2831728,28.5646033],[77.2831616,28.5646068],[77.2830887,28.5646492],[77.2830707,28.5646535],[77.2830471,28.5646523],[77.2830257,28.564645],[77.2829957,28.5646242],[77.2828336,28.5644788],[77.2825124,28.564164],[77.2822894,28.5638996],[77.2821897,28.5637556]]}},{"type":"Feature","id":"way/1196035501","properties":{"layer":"road","osmId":"way/1196035501","tags":{"access":"private","highway":"service"}},"geometry":{"type":"LineString","coordinates":[[77.2920497,28.5641328],[77.291863,28.5640631],[77.2913986,28.563881]]}},{"type":"Feature","id":"way/1209351364","properties":{"layer":"road","osmId":"way/1209351364","tags":{"access":"private","highway":"residential"}},"geometry":{"type":"LineString","coordinates":[[77.28328,28.5646773],[77.2833703,28.5647601],[77.2839739,28.5652913]]}},{"type":"Feature","id":"way/1218203272","properties":{"layer":"building","osmId":"way/1218203272","tags":{"building":"yes"}},"geometry":{"type":"Polygon","coordinates":[[[77.2818101,28.5626677],[77.2818047,28.5626888],[77.2817158,28.5626712],[77.2817198,28.5626553],[77.2817074,28.5626529],[77.2817379,28.5625333],[77.2817501,28.5625357],[77.2817524,28.5625268],[77.2817366,28.5625237],[77.2817706,28.5623904],[77.2818273,28.5624015],[77.2818322,28.562382],[77.2821535,28.5624454],[77.282138,28.5625061],[77.282184,28.5625152],[77.2821664,28.562584],[77.2819071,28.5625328],[77.2818696,28.5626795],[77.2818101,28.5626677]]]}},{"type":"Feature","id":"way/1218204906","properties":{"layer":"building","name":"Department Of English","osmId":"way/1218204906","tags":{"building":"university","name":"Department Of English"}},"geometry":{"type":"Polygon","coordinates":[[[77.2822158,28.5604587],[77.2819967,28.5603708],[77.2820984,28.5601752],[77.2823175,28.5602631],[77.2822158,28.5604587]]]}},{"type":"Feature","id":"way/1218204907","properties":{"layer":"building","osmId":"way/1218204907","tags":{"building":"yes"}},"geometry":{"type":"Polygon","coordinates":[[[77.2840199,28.5601523],[77.283859,28.5602336],[77.2838469,28.5602536],[77.2838469,28.5602996],[77.2838107,28.5603255],[77.2837745,28.5603102],[77.2837369,28.5603443],[77.2837356,28.5604315],[77.2836538,28.5604845],[77.2836927,28.5605045],[77.2836913,28.5605399],[77.2836551,28.5605611],[77.2836162,28.5605446],[77.2836001,28.5605575],[77.2834298,28.5604892],[77.2834338,28.5604539],[77.2833735,28.5604256],[77.2833855,28.5603679],[77.283411,28.5603491],[77.2834741,28.5603714],[77.2834714,28.5603019],[77.2835492,28.5602678],[77.2835492,28.5602207],[77.2835612,28.5602077],[77.283525,28.5601947],[77.2835183,28.5601653],[77.2835545,28.5601359],[77.2835827,28.5601017],[77.2835881,28.5599627],[77.2837409,28.5598414],[77.2840253,28.5599686],[77.2840293,28.5600817],[77.2840132,28.5600828],[77.2840199,28.5601523]]]}},{"type":"Feature","id":"way/1218697519","properties":{"layer":"building","osmId":"way/1218697519","tags":{"building":"yes"}},"geometry":{"type":"Polygon","coordinates":[[[77.282061,28.5615651],[77.281705,28.5615646],[77.2817053,28.5613844],[77.2817695,28.5613845],[77.2817696,28.5613124],[77.2819976,28.5613127],[77.2819975,28.5613844],[77.2820614,28.5613845],[77.282061,28.5615651]]]}},{"type":"Feature","id":"way/1218697520","properties":{"layer":"building","name":"Department of Geography","osmId":"way/1218697520","tags":{"building":"yes","name":"Department of Geography"}},"geometry":{"type":"Polygon","coordinates":[[[77.281738,28.5617205],[77.2817306,28.5619545],[77.2813417,28.5619451],[77.2813441,28.5618674],[77.2813834,28.5618684],[77.2813843,28.5618379],[77.2813296,28.5618366],[77.2813333,28.5617202],[77.281445,28.5617229],[77.2814466,28.5616707],[77.2816784,28.5616763],[77.281677,28.561719],[77.281738,28.5617205]]]}},{"type":"Feature","id":"way/1219956715","properties":{"layer":"pitch","name":"Tikona park, okhla","osmId":"way/1219956715","tags":{"leisure":"park","name":"Tikona park, okhla"}},"geometry":{"type":"Polygon","coordinates":[[[77.2876704,28.5622914],[77.287889,28.56209],[77.2882296,28.5623032],[77.2881887,28.5623564],[77.2876704,28.5622914]]]}},{"type":"Feature","id":"way/1229647035","properties":{"layer":"road","name":"Main road","osmId":"way/1229647035","tags":{"highway":"residential","name":"Main road"}},"geometry":{"type":"LineString","coordinates":[[77.2876677,28.5643287],[77.2876629,28.564371],[77.287671,28.5644048],[77.287763,28.5645178],[77.2877706,28.5645443],[77.2877561,28.564573],[77.2877218,28.5645996],[77.2876626,28.5646326],[77.2871439,28.5648093],[77.2868667,28.5648787],[77.2863684,28.5650007],[77.2863412,28.5650169],[77.286293,28.5650479]]}},{"type":"Feature","id":"way/1229647036","properties":{"layer":"road","osmId":"way/1229647036","tags":{"highway":"residential"}},"geometry":{"type":"LineString","coordinates":[[77.286293,28.5650479],[77.2863789,28.5650528],[77.2871476,28.564848],[77.2875637,28.5647112],[77.2876255,28.5646909],[77.2877983,28.5646374],[77.2878648,28.5646299],[77.2879335,28.5646487],[77.2880438,28.5646791],[77.2880746,28.5646821],[77.2881595,28.5646783]]}},{"type":"Feature","id":"way/1250235694","properties":{"layer":"road","osmId":"way/1250235694","tags":{"access":"permissive","highway":"residential"}},"geometry":{"type":"LineString","coordinates":[[77.278396,28.5568822],[77.2782598,28.5567806]]}},{"type":"Feature","id":"way/1250238948","properties":{"layer":"road","osmId":"way/1250238948","tags":{"highway":"living_street"}},"geometry":{"type":"LineString","coordinates":[[77.2895228,28.5551716],[77.289688,28.5547181],[77.28971,28.5546403],[77.2897589,28.5543949]]}},{"type":"Feature","id":"way/1250238949","properties":{"layer":"road","osmId":"way/1250238949","tags":{"highway":"residential"}},"geometry":{"type":"LineString","coordinates":[[77.288989,28.5550106],[77.2892589,28.5550935],[77.2895228,28.5551716],[77.2896008,28.5551947]]}},{"type":"Feature","id":"way/1250239936","properties":{"layer":"road","name":"Okhla Vihar Main Road","osmId":"way/1250239936","tags":{"highway":"tertiary","name":"Okhla Vihar Main Road"}},"geometry":{"type":"LineString","coordinates":[[77.2908948,28.5546998],[77.2908618,28.5548006],[77.2908308,28.5548657],[77.2908136,28.5549018],[77.2907284,28.5550808],[77.2906432,28.5552598],[77.2905314,28.5554738]]}},{"type":"Feature","id":"way/1250239937","properties":{"layer":"road","osmId":"way/1250239937","tags":{"highway":"living_street"}},"geometry":{"type":"LineString","coordinates":[[77.2914803,28.5549115],[77.2910948,28.5547721]]}},{"type":"Feature","id":"way/1250242186","properties":{"layer":"road","osmId":"way/1250242186","tags":{"highway":"residential"}},"geometry":{"type":"LineString","coordinates":[[77.2889429,28.5553179],[77.2889905,28.5551154],[77.288989,28.5550106],[77.2889811,28.5548917],[77.2889334,28.5546857],[77.2888964,28.5545314]]}},{"type":"Feature","id":"way/1250243984","properties":{"layer":"road","osmId":"way/1250243984","tags":{"highway":"living_street"}},"geometry":{"type":"LineString","coordinates":[[77.2894079,28.5558906],[77.2891076,28.5558291],[77.2888194,28.5557707],[77.2887682,28.5557584]]}},{"type":"Feature","id":"way/1250245078","properties":{"layer":"road","osmId":"way/1250245078","tags":{"highway":"living_street"}},"geometry":{"type":"LineString","coordinates":[[77.2887842,28.5561864],[77.2887708,28.5567828],[77.2887708,28.5568082]]}},{"type":"Feature","id":"way/1250245079","properties":{"layer":"road","osmId":"way/1250245079","tags":{"highway":"residential"}},"geometry":{"type":"LineString","coordinates":[[77.2875041,28.5562643],[77.2881049,28.5561512]]}},{"type":"Feature","id":"way/1255489334","properties":{"layer":"road","osmId":"way/1255489334","tags":{"highway":"residential"}},"geometry":{"type":"LineString","coordinates":[[77.2841772,28.5672194],[77.2843266,28.5676116]]}},{"type":"Feature","id":"way/1255490113","properties":{"layer":"road","osmId":"way/1255490113","tags":{"highway":"residential"}},"geometry":{"type":"LineString","coordinates":[[77.2840518,28.5669472],[77.2841772,28.5672194]]}},{"type":"Feature","id":"way/1255491328","properties":{"layer":"road","osmId":"way/1255491328","tags":{"highway":"living_street"}},"geometry":{"type":"LineString","coordinates":[[77.2865597,28.5660518],[77.2866497,28.5662506]]}},{"type":"Feature","id":"way/1255498733","properties":{"layer":"road","osmId":"way/1255498733","tags":{"access":"permissive","highway":"living_street"}},"geometry":{"type":"LineString","coordinates":[[77.2835562,28.5656694],[77.2839475,28.5654406],[77.2840219,28.5653855],[77.2840495,28.5653578]]}},{"type":"Feature","id":"way/1255500974","properties":{"layer":"road","osmId":"way/1255500974","tags":{"highway":"residential"}},"geometry":{"type":"LineString","coordinates":[[77.2832279,28.5671837],[77.2833631,28.5674535]]}},{"type":"Feature","id":"way/1255501045","properties":{"layer":"road","osmId":"way/1255501045","tags":{"highway":"residential"}},"geometry":{"type":"LineString","coordinates":[[77.2812574,28.5670455],[77.2814637,28.567509],[77.2815134,28.5676208],[77.2817223,28.5679566]]}},{"type":"Feature","id":"way/1280657311","properties":{"layer":"pitch","osmId":"way/1280657311","tags":{"leisure":"pitch","sport":"volleyball"}},"geometry":{"type":"Polygon","coordinates":[[[77.279717,28.5632131],[77.2797228,28.5629839],[77.2798858,28.562987],[77.27988,28.5632163],[77.279717,28.5632131]]]}},{"type":"Feature","id":"way/1291730896","properties":{"layer":"poi","name":"Sarvodaya Kanya Vidayalya Noor Nagar","osmId":"way/1291730896","tags":{"amenity":"school","name":"Sarvodaya Kanya Vidayalya Noor Nagar"}},"geometry":{"type":"Polygon","coordinates":[[[77.2874314,28.5564305],[77.2877574,28.5563778],[77.2878069,28.5563457],[77.2883605,28.5562758],[77.2884771,28.5573123],[77.2877913,28.5573077],[77.287421,28.5572963],[77.2874314,28.5564305]]]}},{"type":"Feature","id":"way/1305918358","properties":{"layer":"road","osmId":"way/1305918358","tags":{"highway":"residential"}},"geometry":{"type":"LineString","coordinates":[[77.2905314,28.5554738],[77.290893,28.555637],[77.2909644,28.5556578],[77.291089,28.5556945]]}},{"type":"Feature","id":"way/1396494845","properties":{"layer":"road","osmId":"way/1396494845","tags":{"access":"no","highway":"residential"}},"geometry":{"type":"LineString","coordinates":[[77.2905281,28.5635938],[77.2905125,28.5635872],[77.2901463,28.5633941]]}},{"type":"Feature","id":"way/1427947959","properties":{"layer":"road","name":"Okhla Vihar Main Road","osmId":"way/1427947959","tags":{"highway":"tertiary","name":"Okhla Vihar Main Road"}},"geometry":{"type":"LineString","coordinates":[[77.2911379,28.5534672],[77.2911518,28.5534982],[77.2911596,28.5535219],[77.2911627,28.553555],[77.2911635,28.5535888],[77.2911644,28.553643],[77.2911751,28.5537424],[77.2911778,28.5538156],[77.2911816,28.5538745],[77.2911335,28.5541599],[77.2910831,28.5542809],[77.2908948,28.5546998]]}},{"type":"Feature","id":"way/1463684036","properties":{"layer":"building","name":"Faculty of Architecture & Ekistics, JMI","osmId":"way/1463684036","tags":{"building":"yes","name":"Faculty of Architecture & Ekistics, JMI","office":"educational_institution"}},"geometry":{"type":"Polygon","coordinates":[[[77.2796882,28.5590567],[77.2796354,28.5592674],[77.2796791,28.5592451],[77.2797147,28.5592986],[77.2796791,28.5593227],[77.2798549,28.5594084],[77.2797888,28.5595138],[77.2796079,28.5594209],[77.2795246,28.5594209],[77.2793345,28.5595138],[77.2792715,28.559412],[77.2794606,28.5593156],[77.2794982,28.5592727],[77.279552,28.5590335],[77.2796882,28.5590567]]]}},{"type":"Feature","id":"way/1493641703","properties":{"layer":"building","osmId":"way/1493641703","tags":{"building":"yes"}},"geometry":{"type":"Polygon","coordinates":[[[77.2866351,28.5559734],[77.286757,28.5559549],[77.2867508,28.5557919],[77.2865147,28.5558403],[77.2865877,28.5559481],[77.2866351,28.5559734]]]}},{"type":"Feature","id":"way/1501795284","properties":{"layer":"road","osmId":"way/1501795284","tags":{"access":"private","highway":"service"}},"geometry":{"type":"LineString","coordinates":[[77.2875637,28.5647112],[77.2875907,28.5647499],[77.2877503,28.5649936],[77.2878792,28.5651832],[77.2878995,28.5652101],[77.2879066,28.5652194]]}},{"type":"Feature","id":"way/1501795285","properties":{"layer":"road","osmId":"way/1501795285","tags":{"access":"private","highway":"service"}},"geometry":{"type":"LineString","coordinates":[[77.2877503,28.5649936],[77.2874827,28.5651165],[77.287149,28.5652653],[77.2869054,28.5653618],[77.2868409,28.565385]]}},{"type":"Feature","id":"way/1505731204","properties":{"layer":"road","name":"Okhla Road","osmId":"way/1505731204","tags":{"highway":"tertiary","name":"Okhla Road","surface":"asphalt"}},"geometry":{"type":"LineString","coordinates":[[77.2858808,28.5624474],[77.2859659,28.5624139]]}}]}
