{"type":"FeatureCollection","properties":{"source":"Microsoft Global ML Building Footprints","licence":"ODbL 1.0","attribution":"Building footprints © Microsoft, ODbL","quadkey":"123121303","fetchedAt":"2026-09-05T21:18:40.176Z","note":"Machine-derived. Kept only where OpenStreetMap has no building."},"features":[{"type":"Feature","properties":{"confidence":0.962},"geometry":{"type":"Polygon","coordinates":[[[77.280888,28.567156],[77.281253,28.567036],[77.281365,28.567298],[77.281266,28.567331],[77.281226,28.567236],[77.281146,28.567262],[77.28119,28.567367],[77.281004,28.567428],[77.280888,28.567156]]]}},{"type":"Feature","properties":{"confidence":0.896},"geometry":{"type":"Polygon","coordinates":[[[77.286598,28.558278],[77.286539,28.55828],[77.286536,28.558221],[77.286448,28.558224],[77.286447,28.558189],[77.286594,28.558185],[77.286598,28.558278]]]}},{"type":"Feature","properties":{"confidence":0.957},"geometry":{"type":"Polygon","coordinates":[[[77.28134,28.558367],[77.281341,28.558408],[77.281282,28.558409],[77.281281,28.558368],[77.28134,28.558367]]]}},{"type":"Feature","properties":{"confidence":0.966},"geometry":{"type":"Polygon","coordinates":[[[77.281652,28.568312],[77.281699,28.568404],[77.281661,28.568419],[77.281673,28.568443],[77.281731,28.56842],[77.281844,28.568644],[77.281678,28.568709],[77.281566,28.568487],[77.281593,28.568476],[77.281533,28.568358],[77.281652,28.568312]]]}},{"type":"Feature","properties":{"confidence":0.859},"geometry":{"type":"Polygon","coordinates":[[[77.277798,28.563873],[77.277954,28.563869],[77.277958,28.563976],[77.277802,28.56398],[77.277798,28.563873]]]}},{"type":"Feature","properties":{"confidence":0.963},"geometry":{"type":"Polygon","coordinates":[[[77.287486,28.565641],[77.287445,28.565447],[77.287476,28.565424],[77.28762,28.565401],[77.287654,28.565376],[77.287703,28.565368],[77.287732,28.5654],[77.28787,28.565378],[77.288007,28.565526],[77.287964,28.565557],[77.287888,28.565569],[77.287936,28.565795],[77.287752,28.565824],[77.287739,28.565834],[77.287655,28.565847],[77.287603,28.565791],[77.287573,28.565651],[77.287582,28.565645],[77.287658,28.565632],[77.287663,28.565655],[77.287745,28.565642],[77.287764,28.565662],[77.287863,28.565646],[77.287842,28.565548],[77.287743,28.565564],[77.287747,28.565581],[77.28771,28.565608],[77.28764,28.565619],[77.287638,28.565616],[77.287486,28.565641]]]}},{"type":"Feature","properties":{"confidence":0.94},"geometry":{"type":"Polygon","coordinates":[[[77.288699,28.56125],[77.288723,28.561265],[77.288768,28.561312],[77.288845,28.561361],[77.288912,28.561433],[77.288885,28.561466],[77.288909,28.561491],[77.288883,28.561523],[77.288835,28.561493],[77.288685,28.561601],[77.288652,28.56158],[77.288622,28.561602],[77.288589,28.561581],[77.288568,28.561558],[77.288555,28.56155],[77.28848,28.56147],[77.288409,28.561425],[77.288393,28.561408],[77.288458,28.561329],[77.288475,28.561316],[77.288575,28.561379],[77.288641,28.561299],[77.288654,28.561289],[77.288668,28.561272],[77.288699,28.56125]]]}},{"type":"Feature","properties":{"confidence":0.867},"geometry":{"type":"Polygon","coordinates":[[[77.276131,28.56359],[77.276125,28.56363],[77.276159,28.563634],[77.276142,28.563746],[77.276047,28.563734],[77.276071,28.563583],[77.276131,28.56359]]]}},{"type":"Feature","properties":{"confidence":0.982},"geometry":{"type":"Polygon","coordinates":[[[77.277252,28.565422],[77.277253,28.565457],[77.27735,28.565455],[77.27735,28.565496],[77.277401,28.565495],[77.277406,28.565697],[77.277237,28.5657],[77.277237,28.565716],[77.277149,28.565718],[77.277144,28.565508],[77.277109,28.565509],[77.277108,28.565424],[77.277252,28.565422]]]}},{"type":"Feature","properties":{"confidence":0.992},"geometry":{"type":"Polygon","coordinates":[[[77.2829,28.567972],[77.28298,28.568147],[77.282978,28.56812],[77.283064,28.568307],[77.283066,28.568346],[77.282958,28.568351],[77.282939,28.568309],[77.282856,28.568339],[77.282835,28.56834],[77.28276,28.568175],[77.282818,28.568154],[77.282844,28.568153],[77.282825,28.568112],[77.282741,28.568141],[77.282731,28.568142],[77.282712,28.5681],[77.282712,28.5681],[77.282681,28.568032],[77.282776,28.567998],[77.282802,28.567997],[77.282871,28.567973],[77.2829,28.567972]]]}},{"type":"Feature","properties":{"confidence":0.975},"geometry":{"type":"Polygon","coordinates":[[[77.288255,28.564482],[77.288407,28.564408],[77.28852,28.564586],[77.288331,28.564678],[77.288255,28.564558],[77.288292,28.56454],[77.288255,28.564482]]]}},{"type":"Feature","properties":{"confidence":0.96},"geometry":{"type":"Polygon","coordinates":[[[77.278201,28.559536],[77.278136,28.559553],[77.278124,28.559517],[77.278189,28.5595],[77.278201,28.559536]]]}},{"type":"Feature","properties":{"confidence":0.975},"geometry":{"type":"Polygon","coordinates":[[[77.278446,28.563724],[77.278445,28.564221],[77.278227,28.564221],[77.278227,28.563771],[77.278343,28.563771],[77.278343,28.563724],[77.278446,28.563724]]]}},{"type":"Feature","properties":{"confidence":0.985},"geometry":{"type":"Polygon","coordinates":[[[77.284976,28.563171],[77.285015,28.563067],[77.285117,28.563097],[77.285077,28.563201],[77.284976,28.563171]]]}},{"type":"Feature","properties":{"confidence":0.957},"geometry":{"type":"Polygon","coordinates":[[[77.276605,28.566921],[77.276607,28.566765],[77.276638,28.566766],[77.276639,28.566726],[77.276683,28.566726],[77.276684,28.566674],[77.27663,28.566674],[77.276631,28.566588],[77.276725,28.566589],[77.276724,28.566661],[77.276842,28.566662],[77.276839,28.566923],[77.276605,28.566921]]]}},{"type":"Feature","properties":{"confidence":0.969},"geometry":{"type":"Polygon","coordinates":[[[77.278894,28.567887],[77.27897,28.567825],[77.279155,28.567999],[77.279078,28.568062],[77.278894,28.567887]]]}},{"type":"Feature","properties":{"confidence":0.981},"geometry":{"type":"Polygon","coordinates":[[[77.283957,28.563596],[77.283976,28.563551],[77.284021,28.563565],[77.284002,28.563611],[77.283957,28.563596]]]}},{"type":"Feature","properties":{"confidence":0.923},"geometry":{"type":"Polygon","coordinates":[[[77.284924,28.567819],[77.284924,28.567857],[77.284884,28.567857],[77.284884,28.567819],[77.284924,28.567819]]]}},{"type":"Feature","properties":{"confidence":0.933},"geometry":{"type":"Polygon","coordinates":[[[77.277234,28.559475],[77.277313,28.55919],[77.277455,28.559221],[77.277368,28.55953],[77.27725,28.559504],[77.277256,28.55948],[77.277234,28.559475]]]}},{"type":"Feature","properties":{"confidence":0.996},"geometry":{"type":"Polygon","coordinates":[[[77.278468,28.563266],[77.278276,28.563273],[77.278273,28.563207],[77.278298,28.563206],[77.278296,28.563171],[77.278464,28.563165],[77.278468,28.563266]]]}},{"type":"Feature","properties":{"confidence":0.979},"geometry":{"type":"Polygon","coordinates":[[[77.284521,28.566427],[77.284354,28.5665],[77.284365,28.566521],[77.284294,28.566553],[77.284188,28.566368],[77.284273,28.566331],[77.284211,28.566224],[77.284366,28.566156],[77.284521,28.566427]]]}},{"type":"Feature","properties":{"confidence":0.977},"geometry":{"type":"Polygon","coordinates":[[[77.275557,28.560439],[77.275757,28.560525],[77.275883,28.560529],[77.275923,28.560546],[77.275921,28.560587],[77.27598,28.560613],[77.276,28.560577],[77.276364,28.560733],[77.276362,28.560787],[77.27628,28.560934],[77.276087,28.560929],[77.276088,28.56092],[77.275822,28.560912],[77.275826,28.560802],[77.275768,28.560777],[77.275769,28.560759],[77.275745,28.560748],[77.275735,28.560767],[77.27573,28.560911],[77.275355,28.560901],[77.275356,28.560862],[77.275316,28.560845],[77.275318,28.560803],[77.275356,28.560735],[77.275323,28.560721],[77.275425,28.560537],[77.275502,28.560539],[77.275557,28.560439]]]}},{"type":"Feature","properties":{"confidence":0.939},"geometry":{"type":"Polygon","coordinates":[[[77.283288,28.568744],[77.283169,28.568779],[77.283135,28.568691],[77.283019,28.568725],[77.282895,28.568402],[77.283104,28.568341],[77.283168,28.568509],[77.283195,28.568501],[77.283288,28.568744]]]}},{"type":"Feature","properties":{"confidence":0.98},"geometry":{"type":"Polygon","coordinates":[[[77.28379,28.565898],[77.283846,28.565859],[77.283896,28.565848],[77.283888,28.56582],[77.283941,28.565808],[77.283931,28.565774],[77.284,28.565727],[77.28402,28.565749],[77.284071,28.565713],[77.284118,28.565765],[77.284186,28.56575],[77.284197,28.565787],[77.284219,28.565782],[77.284238,28.565848],[77.284261,28.565874],[77.28427,28.565905],[77.284228,28.565934],[77.284149,28.565845],[77.284109,28.565854],[77.284097,28.565841],[77.284069,28.56586],[77.284114,28.565911],[77.284117,28.565921],[77.284087,28.565942],[77.284028,28.565955],[77.284002,28.565973],[77.283967,28.565935],[77.283983,28.565989],[77.283913,28.566037],[77.28379,28.565898]]]}},{"type":"Feature","properties":{"confidence":0.939},"geometry":{"type":"Polygon","coordinates":[[[77.285327,28.560334],[77.285332,28.560207],[77.285533,28.560213],[77.285528,28.56034],[77.285327,28.560334]]]}},{"type":"Feature","properties":{"confidence":0.936},"geometry":{"type":"Polygon","coordinates":[[[77.285389,28.568047],[77.285142,28.568097],[77.285077,28.567848],[77.285294,28.567805],[77.285313,28.567879],[77.285344,28.567873],[77.285389,28.568047]]]}},{"type":"Feature","properties":{"confidence":0.957},"geometry":{"type":"Polygon","coordinates":[[[77.280643,28.567671],[77.2806,28.567681],[77.280621,28.567749],[77.280495,28.567779],[77.280474,28.567712],[77.280455,28.567717],[77.280427,28.567624],[77.280615,28.567579],[77.280643,28.567671]]]}},{"type":"Feature","properties":{"confidence":0.966},"geometry":{"type":"Polygon","coordinates":[[[77.284171,28.562362],[77.284058,28.562322],[77.284003,28.562442],[77.284102,28.562477],[77.284009,28.562678],[77.28401,28.562706],[77.283991,28.562746],[77.283919,28.562721],[77.283918,28.562679],[77.283886,28.562668],[77.283884,28.562582],[77.283859,28.562638],[77.283801,28.562618],[77.283862,28.562484],[77.283764,28.562449],[77.283691,28.56245],[77.28369,28.562385],[77.283704,28.562355],[77.283783,28.562383],[77.283788,28.562383],[77.283846,28.562256],[77.283846,28.562253],[77.283929,28.562073],[77.28396,28.562084],[77.28404,28.562083],[77.284069,28.562093],[77.28424,28.56209],[77.284261,28.562043],[77.284367,28.56208],[77.284322,28.562178],[77.284256,28.562179],[77.284171,28.562362]]]}},{"type":"Feature","properties":{"confidence":0.948},"geometry":{"type":"Polygon","coordinates":[[[77.286386,28.565256],[77.286304,28.565082],[77.286416,28.565041],[77.286498,28.565215],[77.286386,28.565256]]]}},{"type":"Feature","properties":{"confidence":0.925},"geometry":{"type":"Polygon","coordinates":[[[77.27742,28.559921],[77.277466,28.559805],[77.277632,28.559855],[77.277658,28.55979],[77.277767,28.559823],[77.277696,28.560004],[77.27742,28.559921]]]}},{"type":"Feature","properties":{"confidence":0.926},"geometry":{"type":"Polygon","coordinates":[[[77.277792,28.561263],[77.277834,28.561263],[77.277834,28.56128],[77.277978,28.56128],[77.277977,28.561473],[77.277945,28.561473],[77.277945,28.561513],[77.277791,28.561513],[77.277792,28.561263]]]}},{"type":"Feature","properties":{"confidence":0.97},"geometry":{"type":"Polygon","coordinates":[[[77.277886,28.566667],[77.278044,28.566477],[77.278065,28.566464],[77.27812,28.5665],[77.27814,28.566526],[77.27819,28.566558],[77.278283,28.5665],[77.278315,28.566462],[77.278256,28.566498],[77.278069,28.566377],[77.278081,28.566364],[77.27814,28.566327],[77.278123,28.566305],[77.278181,28.566235],[77.278257,28.566284],[77.278313,28.566354],[77.278373,28.566393],[77.278437,28.566472],[77.278383,28.566537],[77.27844,28.566574],[77.278443,28.566578],[77.278365,28.566626],[77.278336,28.566661],[77.278438,28.566598],[77.278506,28.566683],[77.278589,28.566736],[77.278666,28.566833],[77.27865,28.566852],[77.278406,28.567002],[77.277886,28.566667]]]}},{"type":"Feature","properties":{"confidence":0.924},"geometry":{"type":"Polygon","coordinates":[[[77.284351,28.566083],[77.284271,28.566104],[77.284214,28.565938],[77.284294,28.565917],[77.284351,28.566083]]]}},{"type":"Feature","properties":{"confidence":0.925},"geometry":{"type":"Polygon","coordinates":[[[77.287404,28.559654],[77.287564,28.55961],[77.287532,28.559521],[77.287581,28.559507],[77.287561,28.559452],[77.287719,28.559408],[77.287807,28.559657],[77.287441,28.559758],[77.287404,28.559654]]]}},{"type":"Feature","properties":{"confidence":0.955},"geometry":{"type":"Polygon","coordinates":[[[77.288307,28.558469],[77.288271,28.558473],[77.288264,28.55842],[77.288299,28.558416],[77.288307,28.558469]]]}},{"type":"Feature","properties":{"confidence":0.967},"geometry":{"type":"Polygon","coordinates":[[[77.287352,28.563106],[77.28731,28.56309],[77.287316,28.56309],[77.28707,28.562991],[77.287071,28.562956],[77.287247,28.562957],[77.287295,28.562976],[77.28731,28.562977],[77.287352,28.562993],[77.287432,28.562994],[77.287449,28.562961],[77.287511,28.562962],[77.28752,28.562943],[77.287587,28.562943],[77.287586,28.563069],[77.2876,28.563043],[77.287599,28.563133],[77.287578,28.563133],[77.287558,28.563125],[77.287393,28.563123],[77.287394,28.563078],[77.287371,28.563069],[77.287352,28.563106]]]}},{"type":"Feature","properties":{"confidence":0.963},"geometry":{"type":"Polygon","coordinates":[[[77.28438,28.565855],[77.284515,28.566014],[77.284409,28.566083],[77.284361,28.566027],[77.2844,28.566002],[77.284312,28.565898],[77.28438,28.565855]]]}},{"type":"Feature","properties":{"confidence":0.896},"geometry":{"type":"Polygon","coordinates":[[[77.279543,28.565291],[77.27962,28.565193],[77.279662,28.565218],[77.279644,28.565241],[77.27978,28.565322],[77.279722,28.565398],[77.279543,28.565291]]]}},{"type":"Feature","properties":{"confidence":0.965},"geometry":{"type":"Polygon","coordinates":[[[77.288245,28.56281],[77.28824,28.562918],[77.288171,28.562916],[77.288175,28.562808],[77.288245,28.56281]]]}},{"type":"Feature","properties":{"confidence":0.969},"geometry":{"type":"Polygon","coordinates":[[[77.280333,28.56798],[77.280394,28.568083],[77.280342,28.568107],[77.280326,28.568079],[77.280312,28.568085],[77.280343,28.568137],[77.280394,28.568114],[77.280462,28.568229],[77.280327,28.56829],[77.280303,28.568249],[77.280289,28.568256],[77.280207,28.568119],[77.280149,28.568145],[77.280045,28.567969],[77.280086,28.56795],[77.280126,28.568017],[77.280145,28.568008],[77.280166,28.568045],[77.280268,28.567998],[77.280273,28.568008],[77.280333,28.56798]]]}},{"type":"Feature","properties":{"confidence":0.973},"geometry":{"type":"Polygon","coordinates":[[[77.28221,28.568426],[77.282052,28.568486],[77.281927,28.568232],[77.282045,28.568187],[77.282074,28.568246],[77.282127,28.568226],[77.282156,28.568284],[77.282142,28.568289],[77.28221,28.568426]]]}},{"type":"Feature","properties":{"confidence":0.969},"geometry":{"type":"Polygon","coordinates":[[[77.280056,28.562904],[77.28005,28.562887],[77.280049,28.562828],[77.280022,28.562829],[77.280021,28.562771],[77.280173,28.56273],[77.280112,28.562731],[77.280258,28.562691],[77.280272,28.562731],[77.280315,28.56273],[77.280488,28.562683],[77.280503,28.562726],[77.280535,28.562726],[77.280564,28.562806],[77.280564,28.562841],[77.280338,28.562903],[77.280278,28.562904],[77.280315,28.562894],[77.280245,28.562895],[77.280245,28.562895],[77.280172,28.562896],[77.280149,28.562902],[77.280056,28.562904]]]}},{"type":"Feature","properties":{"confidence":0.986},"geometry":{"type":"Polygon","coordinates":[[[77.28723,28.557424],[77.287234,28.55736],[77.287298,28.557363],[77.287294,28.557428],[77.28723,28.557424]]]}},{"type":"Feature","properties":{"confidence":0.932},"geometry":{"type":"Polygon","coordinates":[[[77.277989,28.560838],[77.277974,28.560878],[77.277829,28.560834],[77.277844,28.560794],[77.277989,28.560838]]]}},{"type":"Feature","properties":{"confidence":0.979},"geometry":{"type":"Polygon","coordinates":[[[77.284369,28.565849],[77.284284,28.565891],[77.284222,28.565795],[77.284308,28.565752],[77.284369,28.565849]]]}},{"type":"Feature","properties":{"confidence":0.945},"geometry":{"type":"Polygon","coordinates":[[[77.28452,28.568782],[77.284417,28.568827],[77.284339,28.56869],[77.284442,28.568645],[77.28452,28.568782]]]}},{"type":"Feature","properties":{"confidence":0.969},"geometry":{"type":"Polygon","coordinates":[[[77.286143,28.55794],[77.286234,28.557943],[77.28623,28.558044],[77.286139,28.558042],[77.286143,28.55794]]]}},{"type":"Feature","properties":{"confidence":0.961},"geometry":{"type":"Polygon","coordinates":[[[77.281837,28.565075],[77.281834,28.564987],[77.282051,28.564982],[77.282054,28.56507],[77.281837,28.565075]]]}},{"type":"Feature","properties":{"confidence":0.969},"geometry":{"type":"Polygon","coordinates":[[[77.277268,28.566511],[77.276973,28.566514],[77.276972,28.566469],[77.277104,28.566468],[77.277103,28.566414],[77.276929,28.566415],[77.276927,28.566308],[77.276882,28.566319],[77.276882,28.566352],[77.276882,28.566352],[77.276886,28.56659],[77.276628,28.566593],[77.276627,28.566501],[77.276584,28.566502],[77.276583,28.566412],[77.276634,28.566412],[77.276632,28.566268],[77.276961,28.566264],[77.276972,28.566262],[77.276972,28.56626],[77.276939,28.566156],[77.276938,28.566112],[77.277284,28.566108],[77.277285,28.566214],[77.277258,28.566214],[77.277292,28.566321],[77.277292,28.566321],[77.277298,28.566338],[77.277299,28.566444],[77.277267,28.566452],[77.277268,28.566511]]]}},{"type":"Feature","properties":{"confidence":0.962},"geometry":{"type":"Polygon","coordinates":[[[77.2805,28.567855],[77.280307,28.567904],[77.280194,28.567566],[77.280204,28.567563],[77.28016,28.567431],[77.280295,28.567396],[77.280319,28.567469],[77.280327,28.567467],[77.280295,28.567371],[77.280513,28.567315],[77.28054,28.567398],[77.280532,28.5674],[77.280584,28.567555],[77.280533,28.567568],[77.280541,28.567594],[77.280423,28.567625],[77.2805,28.567855]]]}},{"type":"Feature","properties":{"confidence":0.944},"geometry":{"type":"Polygon","coordinates":[[[77.285519,28.562767],[77.285562,28.562766],[77.285562,28.562788],[77.285519,28.562788],[77.285519,28.562767]]]}},{"type":"Feature","properties":{"confidence":1},"geometry":{"type":"Polygon","coordinates":[[[77.284998,28.568362],[77.285025,28.568351],[77.285048,28.568393],[77.285021,28.568405],[77.284998,28.568362]]]}},{"type":"Feature","properties":{"confidence":0.975},"geometry":{"type":"Polygon","coordinates":[[[77.281327,28.567466],[77.281349,28.567521],[77.281271,28.567545],[77.281249,28.56749],[77.281327,28.567466]]]}},{"type":"Feature","properties":{"confidence":0.975},"geometry":{"type":"Polygon","coordinates":[[[77.282693,28.560113],[77.282679,28.560142],[77.28262,28.56012],[77.282633,28.560091],[77.282693,28.560113]]]}},{"type":"Feature","properties":{"confidence":0.95},"geometry":{"type":"Polygon","coordinates":[[[77.286953,28.560105],[77.287382,28.560002],[77.287434,28.560166],[77.287306,28.560197],[77.287284,28.560125],[77.287117,28.560166],[77.287145,28.560255],[77.28701,28.560288],[77.286953,28.560105]]]}},{"type":"Feature","properties":{"confidence":0.969},"geometry":{"type":"Polygon","coordinates":[[[77.282208,28.567169],[77.281947,28.567264],[77.281882,28.567125],[77.282143,28.56703],[77.282208,28.567169]]]}},{"type":"Feature","properties":{"confidence":0.99},"geometry":{"type":"Polygon","coordinates":[[[77.286224,28.558049],[77.286222,28.558089],[77.286156,28.558087],[77.286158,28.558047],[77.286224,28.558049]]]}},{"type":"Feature","properties":{"confidence":0.945},"geometry":{"type":"Polygon","coordinates":[[[77.276255,28.56619],[77.276251,28.565988],[77.276498,28.565984],[77.276502,28.566205],[77.276451,28.566205],[77.276453,28.566267],[77.276225,28.56627],[77.276223,28.56619],[77.276255,28.56619]]]}},{"type":"Feature","properties":{"confidence":0.868},"geometry":{"type":"Polygon","coordinates":[[[77.279987,28.561988],[77.279748,28.561984],[77.279753,28.561757],[77.279992,28.561761],[77.279987,28.561988]]]}},{"type":"Feature","properties":{"confidence":0.978},"geometry":{"type":"Polygon","coordinates":[[[77.280794,28.567613],[77.280831,28.567686],[77.280775,28.567708],[77.280738,28.567635],[77.280794,28.567613]]]}},{"type":"Feature","properties":{"confidence":0.965},"geometry":{"type":"Polygon","coordinates":[[[77.282245,28.56818],[77.282104,28.568224],[77.282051,28.568093],[77.282091,28.568081],[77.282063,28.568013],[77.282164,28.567981],[77.282245,28.56818]]]}},{"type":"Feature","properties":{"confidence":0.971},"geometry":{"type":"Polygon","coordinates":[[[77.282773,28.565708],[77.283125,28.565656],[77.28318,28.565702],[77.283223,28.565696],[77.283213,28.565647],[77.283379,28.565623],[77.283438,28.565568],[77.283454,28.565654],[77.2835,28.565692],[77.283429,28.565758],[77.283334,28.565772],[77.283308,28.565796],[77.283243,28.565743],[77.283255,28.565805],[77.283218,28.565839],[77.283172,28.565846],[77.283153,28.56583],[77.283053,28.565845],[77.283061,28.565886],[77.282997,28.565946],[77.282827,28.565805],[77.282819,28.565812],[77.282811,28.565768],[77.282779,28.565742],[77.282773,28.565708]]]}},{"type":"Feature","properties":{"confidence":0.954},"geometry":{"type":"Polygon","coordinates":[[[77.282996,28.567386],[77.282844,28.567413],[77.282822,28.56732],[77.282974,28.567293],[77.282967,28.567264],[77.283271,28.567209],[77.283328,28.567452],[77.283208,28.567474],[77.28321,28.567479],[77.283025,28.567512],[77.282996,28.567386]]]}},{"type":"Feature","properties":{"confidence":0.954},"geometry":{"type":"Polygon","coordinates":[[[77.277523,28.560339],[77.2775,28.56039],[77.277451,28.560374],[77.277474,28.560323],[77.277523,28.560339]]]}},{"type":"Feature","properties":{"confidence":0.982},"geometry":{"type":"Polygon","coordinates":[[[77.281763,28.563058],[77.281791,28.562879],[77.281986,28.562902],[77.281968,28.563022],[77.281902,28.563014],[77.281892,28.563073],[77.281763,28.563058]]]}},{"type":"Feature","properties":{"confidence":0.948},"geometry":{"type":"Polygon","coordinates":[[[77.284326,28.559085],[77.284198,28.559242],[77.284063,28.559158],[77.284191,28.559],[77.284326,28.559085]]]}},{"type":"Feature","properties":{"confidence":0.995},"geometry":{"type":"Polygon","coordinates":[[[77.285522,28.562962],[77.285493,28.562996],[77.285442,28.562963],[77.285471,28.562929],[77.285522,28.562962]]]}},{"type":"Feature","properties":{"confidence":0.816},"geometry":{"type":"Polygon","coordinates":[[[77.288498,28.559683],[77.288542,28.559535],[77.288552,28.559525],[77.288681,28.559487],[77.288695,28.559442],[77.288771,28.55946],[77.288735,28.55958],[77.288712,28.559587],[77.288559,28.560091],[77.288484,28.560073],[77.288453,28.560106],[77.288432,28.560112],[77.288206,28.559945],[77.288134,28.559928],[77.288164,28.559897],[77.288158,28.559882],[77.288188,28.559784],[77.288341,28.55974],[77.28835,28.55973],[77.288398,28.559716],[77.288405,28.55971],[77.288498,28.559683]]]}},{"type":"Feature","properties":{"confidence":0.796},"geometry":{"type":"Polygon","coordinates":[[[77.277889,28.560179],[77.277847,28.560167],[77.277844,28.560177],[77.277707,28.560138],[77.277754,28.560011],[77.277932,28.560062],[77.277889,28.560179]]]}},{"type":"Feature","properties":{"confidence":0.981},"geometry":{"type":"Polygon","coordinates":[[[77.278834,28.567262],[77.278773,28.567129],[77.278719,28.567148],[77.278706,28.567171],[77.278641,28.567143],[77.278629,28.567117],[77.278615,28.567122],[77.278386,28.567022],[77.278522,28.566974],[77.278539,28.566944],[77.278651,28.566905],[77.278666,28.566911],[77.278714,28.566894],[77.278742,28.566844],[77.278883,28.566794],[77.278898,28.566826],[77.278934,28.566814],[77.278983,28.566835],[77.279143,28.567182],[77.279152,28.567179],[77.279258,28.567408],[77.279187,28.567433],[77.279086,28.567389],[77.279107,28.567381],[77.278834,28.567262]]]}},{"type":"Feature","properties":{"confidence":0.988},"geometry":{"type":"Polygon","coordinates":[[[77.287474,28.563213],[77.287544,28.563168],[77.287608,28.563244],[77.287538,28.563289],[77.287474,28.563213]]]}},{"type":"Feature","properties":{"confidence":0.988},"geometry":{"type":"Polygon","coordinates":[[[77.278762,28.56606],[77.278806,28.56603],[77.27884,28.566068],[77.278795,28.566099],[77.278762,28.56606]]]}},{"type":"Feature","properties":{"confidence":0.95},"geometry":{"type":"Polygon","coordinates":[[[77.285154,28.567498],[77.285251,28.567802],[77.285145,28.567828],[77.28511,28.567721],[77.284979,28.567754],[77.284916,28.567557],[77.285154,28.567498]]]}},{"type":"Feature","properties":{"confidence":0.987},"geometry":{"type":"Polygon","coordinates":[[[77.279388,28.568662],[77.279398,28.568653],[77.279338,28.5686],[77.279351,28.568589],[77.279305,28.568549],[77.279379,28.568485],[77.279432,28.568533],[77.279486,28.568486],[77.279684,28.568663],[77.279535,28.568792],[77.279388,28.568662]]]}},{"type":"Feature","properties":{"confidence":0.949},"geometry":{"type":"Polygon","coordinates":[[[77.281567,28.568554],[77.281675,28.568738],[77.281683,28.568735],[77.281728,28.568811],[77.281595,28.568871],[77.281556,28.568805],[77.281536,28.568814],[77.281423,28.568619],[77.281567,28.568554]]]}},{"type":"Feature","properties":{"confidence":0.994},"geometry":{"type":"Polygon","coordinates":[[[77.283495,28.565501],[77.283561,28.565472],[77.283552,28.565457],[77.283668,28.565404],[77.28373,28.56551],[77.283548,28.565592],[77.283495,28.565501]]]}},{"type":"Feature","properties":{"confidence":0.986},"geometry":{"type":"Polygon","coordinates":[[[77.288334,28.558874],[77.288421,28.558855],[77.288476,28.558912],[77.288553,28.558895],[77.288561,28.558921],[77.28869,28.558892],[77.288709,28.558912],[77.288723,28.558879],[77.28876,28.558881],[77.288772,28.558924],[77.288715,28.558937],[77.288711,28.558985],[77.28868,28.559008],[77.288718,28.559021],[77.288716,28.559038],[77.28866,28.559168],[77.288612,28.559179],[77.288557,28.559122],[77.288588,28.55905],[77.288589,28.559036],[77.288578,28.559024],[77.288503,28.559019],[77.288492,28.559158],[77.288457,28.559184],[77.288284,28.559173],[77.288232,28.559155],[77.288171,28.559092],[77.288174,28.559061],[77.288217,28.559029],[77.288179,28.558989],[77.288334,28.558874]]]}},{"type":"Feature","properties":{"confidence":0.935},"geometry":{"type":"Polygon","coordinates":[[[77.278695,28.565423],[77.278899,28.565616],[77.278858,28.56565],[77.2789,28.56569],[77.278955,28.565646],[77.279015,28.565702],[77.278933,28.565769],[77.278947,28.565782],[77.278855,28.565857],[77.278706,28.565717],[77.278725,28.565702],[77.278552,28.565539],[77.278695,28.565423]]]}},{"type":"Feature","properties":{"confidence":0.971},"geometry":{"type":"Polygon","coordinates":[[[77.276562,28.567066],[77.276609,28.566974],[77.276762,28.567036],[77.27668,28.567191],[77.276548,28.567138],[77.276536,28.567161],[77.276459,28.56713],[77.276505,28.567043],[77.276562,28.567066]]]}},{"type":"Feature","properties":{"confidence":0.953},"geometry":{"type":"Polygon","coordinates":[[[77.278815,28.566018],[77.278878,28.565979],[77.278965,28.566087],[77.278902,28.566126],[77.278815,28.566018]]]}},{"type":"Feature","properties":{"confidence":0.985},"geometry":{"type":"Polygon","coordinates":[[[77.288488,28.562427],[77.288481,28.56261],[77.288343,28.562606],[77.28835,28.562423],[77.288488,28.562427]]]}},{"type":"Feature","properties":{"confidence":0.993},"geometry":{"type":"Polygon","coordinates":[[[77.278474,28.563643],[77.278619,28.56364],[77.278621,28.563726],[77.278476,28.563728],[77.278474,28.563643]]]}},{"type":"Feature","properties":{"confidence":0.964},"geometry":{"type":"Polygon","coordinates":[[[77.287469,28.558087],[77.287026,28.558081],[77.287028,28.557977],[77.287227,28.55798],[77.287226,28.557985],[77.287471,28.557988],[77.287469,28.558087]]]}},{"type":"Feature","properties":{"confidence":0.99},"geometry":{"type":"Polygon","coordinates":[[[77.281546,28.56855],[77.281402,28.568615],[77.281269,28.56839],[77.281428,28.568318],[77.281519,28.568473],[77.281504,28.568479],[77.281546,28.56855]]]}},{"type":"Feature","properties":{"confidence":0.969},"geometry":{"type":"Polygon","coordinates":[[[77.283372,28.567664],[77.283309,28.567514],[77.283374,28.567492],[77.283437,28.567642],[77.283372,28.567664]]]}},{"type":"Feature","properties":{"confidence":0.95},"geometry":{"type":"Polygon","coordinates":[[[77.284269,28.56374],[77.28447,28.56381],[77.284449,28.563856],[77.284637,28.563922],[77.284611,28.563979],[77.284294,28.563868],[77.28423,28.564009],[77.284158,28.563984],[77.284269,28.56374]]]}},{"type":"Feature","properties":{"confidence":0.961},"geometry":{"type":"Polygon","coordinates":[[[77.276291,28.559186],[77.276357,28.559038],[77.276579,28.559114],[77.27672,28.558797],[77.276829,28.558834],[77.276775,28.558955],[77.276849,28.55898],[77.276834,28.559014],[77.27674,28.558981],[77.27666,28.559161],[77.276712,28.559179],[77.276654,28.559311],[77.276291,28.559186]]]}},{"type":"Feature","properties":{"confidence":0.981},"geometry":{"type":"Polygon","coordinates":[[[77.276752,28.562417],[77.276751,28.56228],[77.276829,28.56228],[77.276829,28.5622],[77.277442,28.562199],[77.277442,28.562437],[77.277259,28.562437],[77.277259,28.562416],[77.276752,28.562417]]]}},{"type":"Feature","properties":{"confidence":0.964},"geometry":{"type":"Polygon","coordinates":[[[77.287147,28.560643],[77.287121,28.560532],[77.287144,28.560528],[77.287129,28.560465],[77.287214,28.560449],[77.287228,28.56051],[77.287362,28.560486],[77.287387,28.56059],[77.287253,28.560614],[77.287263,28.560655],[77.287209,28.560665],[77.287201,28.560633],[77.287147,28.560643]]]}},{"type":"Feature","properties":{"confidence":0.968},"geometry":{"type":"Polygon","coordinates":[[[77.288148,28.564165],[77.288057,28.564194],[77.288039,28.56415],[77.28813,28.564121],[77.288148,28.564165]]]}},{"type":"Feature","properties":{"confidence":0.962},"geometry":{"type":"Polygon","coordinates":[[[77.276843,28.563198],[77.276847,28.563109],[77.276975,28.563112],[77.276977,28.563054],[77.276938,28.563053],[77.276942,28.562946],[77.277027,28.562948],[77.277027,28.562928],[77.277169,28.562932],[77.277159,28.563207],[77.276843,28.563198]]]}},{"type":"Feature","properties":{"confidence":0.967},"geometry":{"type":"Polygon","coordinates":[[[77.278122,28.566424],[77.278097,28.566447],[77.278044,28.566404],[77.278069,28.566381],[77.278122,28.566424]]]}},{"type":"Feature","properties":{"confidence":0.986},"geometry":{"type":"Polygon","coordinates":[[[77.278306,28.568368],[77.278239,28.568429],[77.278127,28.568335],[77.278194,28.568273],[77.278306,28.568368]]]}},{"type":"Feature","properties":{"confidence":0.977},"geometry":{"type":"Polygon","coordinates":[[[77.279331,28.567551],[77.279471,28.567697],[77.279385,28.567761],[77.279499,28.56772],[77.279798,28.568033],[77.279755,28.568049],[77.27968,28.568104],[77.279777,28.568069],[77.279794,28.568057],[77.279874,28.568141],[77.279838,28.568168],[77.279858,28.568212],[77.279895,28.568199],[77.280048,28.56836],[77.279922,28.568452],[77.279821,28.568488],[77.27933,28.567974],[77.279231,28.568047],[77.279067,28.567875],[77.279064,28.56787],[77.279089,28.567861],[77.279008,28.567776],[77.279156,28.567668],[77.279158,28.567671],[77.279246,28.567764],[77.279217,28.5677],[77.279277,28.567656],[77.279193,28.567686],[77.279132,28.567622],[77.279331,28.567551]]]}},{"type":"Feature","properties":{"confidence":0.941},"geometry":{"type":"Polygon","coordinates":[[[77.284747,28.561995],[77.284743,28.562047],[77.284671,28.562043],[77.284674,28.561991],[77.284747,28.561995]]]}},{"type":"Feature","properties":{"confidence":0.987},"geometry":{"type":"Polygon","coordinates":[[[77.287978,28.56412],[77.287947,28.564094],[77.287899,28.564137],[77.287783,28.564037],[77.287857,28.563971],[77.287803,28.563925],[77.287836,28.563896],[77.288036,28.564068],[77.287978,28.56412]]]}},{"type":"Feature","properties":{"confidence":0.95},"geometry":{"type":"Polygon","coordinates":[[[77.277207,28.566793],[77.277173,28.566966],[77.276869,28.566919],[77.276904,28.566746],[77.277207,28.566793]]]}},{"type":"Feature","properties":{"confidence":0.893},"geometry":{"type":"Polygon","coordinates":[[[77.278298,28.567855],[77.278261,28.567928],[77.278079,28.567857],[77.278116,28.567785],[77.278298,28.567855]]]}},{"type":"Feature","properties":{"confidence":0.971},"geometry":{"type":"Polygon","coordinates":[[[77.279419,28.56838],[77.279286,28.568532],[77.279073,28.568389],[77.279207,28.568237],[77.279419,28.56838]]]}},{"type":"Feature","properties":{"confidence":0.957},"geometry":{"type":"Polygon","coordinates":[[[77.28292,28.558497],[77.283054,28.558277],[77.283179,28.558335],[77.283112,28.558445],[77.283081,28.558431],[77.283057,28.558471],[77.283104,28.558493],[77.283061,28.558563],[77.28292,28.558497]]]}},{"type":"Feature","properties":{"confidence":0.905},"geometry":{"type":"Polygon","coordinates":[[[77.287589,28.564541],[77.287529,28.564472],[77.287595,28.564428],[77.287655,28.564496],[77.287589,28.564541]]]}},{"type":"Feature","properties":{"confidence":0.96},"geometry":{"type":"Polygon","coordinates":[[[77.288293,28.558302],[77.288473,28.558298],[77.288475,28.558373],[77.288296,28.558378],[77.288293,28.558302]]]}},{"type":"Feature","properties":{"confidence":0.737},"geometry":{"type":"Polygon","coordinates":[[[77.279763,28.564419],[77.279599,28.564426],[77.279605,28.564428],[77.279588,28.564476],[77.279291,28.564488],[77.279288,28.564433],[77.279148,28.564438],[77.279131,28.564487],[77.278876,28.564497],[77.278804,28.564478],[77.278802,28.564446],[77.278724,28.564449],[77.278709,28.564153],[77.278803,28.564149],[77.278808,28.564151],[77.278839,28.564062],[77.279227,28.564047],[77.279237,28.564049],[77.279245,28.564028],[77.279292,28.564026],[77.279347,28.56404],[77.279564,28.564032],[77.279662,28.564057],[77.279681,28.564057],[77.279737,28.564071],[77.279743,28.564189],[77.27975,28.564168],[77.279763,28.564419]]]}},{"type":"Feature","properties":{"confidence":0.967},"geometry":{"type":"Polygon","coordinates":[[[77.276222,28.565849],[77.276212,28.566102],[77.276099,28.566098],[77.276101,28.566056],[77.275862,28.566048],[77.275867,28.565932],[77.27595,28.565935],[77.275952,28.565885],[77.276124,28.565891],[77.276125,28.565846],[77.276222,28.565849]]]}},{"type":"Feature","properties":{"confidence":0.962},"geometry":{"type":"Polygon","coordinates":[[[77.278117,28.559572],[77.278011,28.55957],[77.278015,28.559431],[77.278121,28.559433],[77.278117,28.559572]]]}},{"type":"Feature","properties":{"confidence":0.993},"geometry":{"type":"Polygon","coordinates":[[[77.279872,28.56447],[77.279903,28.564451],[77.279925,28.564424],[77.279961,28.564403],[77.280019,28.564329],[77.28014,28.564256],[77.280169,28.564274],[77.280197,28.56431],[77.280181,28.564331],[77.280164,28.564321],[77.280315,28.564514],[77.280299,28.564505],[77.280342,28.56456],[77.280311,28.564578],[77.28029,28.564605],[77.280237,28.564637],[77.280224,28.564653],[77.280056,28.564754],[77.280019,28.564708],[77.279911,28.564642],[77.279951,28.564591],[77.279979,28.564575],[77.27993,28.564545],[77.279872,28.56447]]]}},{"type":"Feature","properties":{"confidence":0.95},"geometry":{"type":"Polygon","coordinates":[[[77.284249,28.560838],[77.284502,28.560333],[77.2846,28.560372],[77.284486,28.5606],[77.284536,28.560619],[77.284498,28.560694],[77.284584,28.560727],[77.284535,28.560823],[77.28441,28.560775],[77.284358,28.56088],[77.284249,28.560838]]]}},{"type":"Feature","properties":{"confidence":0.951},"geometry":{"type":"Polygon","coordinates":[[[77.285645,28.563793],[77.285661,28.56376],[77.285558,28.563721],[77.285596,28.563645],[77.285686,28.563679],[77.28571,28.563631],[77.285928,28.563715],[77.28585,28.563872],[77.285645,28.563793]]]}},{"type":"Feature","properties":{"confidence":0.968},"geometry":{"type":"Polygon","coordinates":[[[77.287227,28.557983],[77.287228,28.557864],[77.287341,28.557865],[77.287342,28.557737],[77.287655,28.557738],[77.287655,28.55777],[77.28766,28.55777],[77.287659,28.557863],[77.287677,28.557863],[77.287676,28.557917],[77.287639,28.557916],[77.287638,28.557976],[77.287747,28.557977],[77.287746,28.558085],[77.287605,28.558084],[77.287606,28.557985],[77.287227,28.557983]]]}},{"type":"Feature","properties":{"confidence":0.968},"geometry":{"type":"Polygon","coordinates":[[[77.287977,28.562793],[77.287991,28.562913],[77.287745,28.562934],[77.287744,28.562925],[77.287704,28.562929],[77.287692,28.562817],[77.287977,28.562793]]]}},{"type":"Feature","properties":{"confidence":0.958},"geometry":{"type":"Polygon","coordinates":[[[77.283895,28.567726],[77.283954,28.567859],[77.283966,28.567855],[77.284078,28.568109],[77.283943,28.568155],[77.283914,28.568089],[77.283665,28.568174],[77.283586,28.567996],[77.283453,28.568042],[77.283352,28.567812],[77.283327,28.567821],[77.283407,28.568001],[77.283275,28.568046],[77.28306,28.567559],[77.283209,28.567508],[77.283291,28.567693],[77.283381,28.567662],[77.283392,28.567688],[77.283553,28.567633],[77.283633,28.567813],[77.283778,28.567763],[77.283779,28.567766],[77.283895,28.567726]]]}},{"type":"Feature","properties":{"confidence":0.998},"geometry":{"type":"Polygon","coordinates":[[[77.283901,28.56344],[77.283915,28.563407],[77.284053,28.563456],[77.284038,28.563488],[77.283901,28.56344]]]}},{"type":"Feature","properties":{"confidence":0.985},"geometry":{"type":"Polygon","coordinates":[[[77.278621,28.568452],[77.278709,28.568378],[77.278791,28.568452],[77.278755,28.568482],[77.278795,28.568518],[77.278741,28.568563],[77.278621,28.568452]]]}},{"type":"Feature","properties":{"confidence":0.975},"geometry":{"type":"Polygon","coordinates":[[[77.284249,28.56545],[77.284281,28.565485],[77.284133,28.565586],[77.284102,28.565551],[77.284249,28.56545]]]}},{"type":"Feature","properties":{"confidence":0.965},"geometry":{"type":"Polygon","coordinates":[[[77.287221,28.55797],[77.28697,28.55797],[77.28697,28.557875],[77.287221,28.557875],[77.287221,28.55797]]]}},{"type":"Feature","properties":{"confidence":0.962},"geometry":{"type":"Polygon","coordinates":[[[77.281308,28.563513],[77.281748,28.563499],[77.281751,28.563582],[77.281311,28.563596],[77.281308,28.563513]]]}},{"type":"Feature","properties":{"confidence":0.993},"geometry":{"type":"Polygon","coordinates":[[[77.282108,28.557035],[77.282133,28.556989],[77.282225,28.557027],[77.2822,28.557073],[77.282108,28.557035]]]}},{"type":"Feature","properties":{"confidence":0.958},"geometry":{"type":"Polygon","coordinates":[[[77.283015,28.567553],[77.283128,28.567802],[77.282989,28.567851],[77.28301,28.567897],[77.283173,28.567841],[77.283369,28.568275],[77.283226,28.568325],[77.28319,28.568246],[77.283063,28.56829],[77.282768,28.56764],[77.283015,28.567553]]]}},{"type":"Feature","properties":{"confidence":0.939},"geometry":{"type":"Polygon","coordinates":[[[77.283154,28.568354],[77.283228,28.56833],[77.283227,28.568328],[77.283403,28.568271],[77.283604,28.568744],[77.28364,28.568732],[77.283773,28.569045],[77.283676,28.569076],[77.283661,28.569039],[77.283591,28.569062],[77.283607,28.569099],[77.283487,28.569138],[77.283154,28.568354]]]}},{"type":"Feature","properties":{"confidence":0.987},"geometry":{"type":"Polygon","coordinates":[[[77.277109,28.565434],[77.27712,28.565698],[77.277002,28.565701],[77.276991,28.565438],[77.277109,28.565434]]]}},{"type":"Feature","properties":{"confidence":0.985},"geometry":{"type":"Polygon","coordinates":[[[77.278839,28.563203],[77.27879,28.563284],[77.278753,28.563267],[77.278802,28.563186],[77.278839,28.563203]]]}},{"type":"Feature","properties":{"confidence":0.979},"geometry":{"type":"Polygon","coordinates":[[[77.279721,28.568651],[77.279581,28.568539],[77.279599,28.568521],[77.279439,28.568393],[77.279562,28.568275],[77.279862,28.568515],[77.279721,28.568651]]]}},{"type":"Feature","properties":{"confidence":0.967},"geometry":{"type":"Polygon","coordinates":[[[77.283931,28.568549],[77.284016,28.568528],[77.284065,28.568686],[77.28398,28.568706],[77.283931,28.568549]]]}},{"type":"Feature","properties":{"confidence":0.951},"geometry":{"type":"Polygon","coordinates":[[[77.285549,28.56839],[77.285346,28.568441],[77.285331,28.568396],[77.285398,28.568379],[77.285378,28.568317],[77.28529,28.568339],[77.285262,28.568252],[77.285486,28.568196],[77.285549,28.56839]]]}},{"type":"Feature","properties":{"confidence":0.935},"geometry":{"type":"Polygon","coordinates":[[[77.285958,28.56805],[77.285711,28.568126],[77.285708,28.568118],[77.285645,28.568138],[77.285684,28.568236],[77.285766,28.568211],[77.285803,28.568303],[77.285563,28.568377],[77.285329,28.567789],[77.285506,28.567735],[77.285538,28.567817],[77.285555,28.567812],[77.285512,28.567703],[77.285383,28.567742],[77.285271,28.567462],[77.285637,28.56735],[77.285694,28.567495],[77.285709,28.56749],[77.285748,28.56759],[77.285772,28.567582],[77.285958,28.56805]]]}},{"type":"Feature","properties":{"confidence":0.987},"geometry":{"type":"Polygon","coordinates":[[[77.283243,28.559488],[77.283104,28.559615],[77.283089,28.559618],[77.283027,28.559676],[77.282911,28.559578],[77.282912,28.559581],[77.282756,28.55945],[77.282751,28.559432],[77.282841,28.55935],[77.282878,28.559341],[77.282925,28.559298],[77.282918,28.559275],[77.282997,28.559256],[77.283004,28.55925],[77.283158,28.559213],[77.283243,28.559488]]]}},{"type":"Feature","properties":{"confidence":0.976},"geometry":{"type":"Polygon","coordinates":[[[77.286568,28.563483],[77.286649,28.563431],[77.286815,28.563629],[77.286734,28.563682],[77.286568,28.563483]]]}},{"type":"Feature","properties":{"confidence":0.973},"geometry":{"type":"Polygon","coordinates":[[[77.27644,28.560006],[77.276659,28.560075],[77.276614,28.560186],[77.276174,28.560047],[77.276221,28.559933],[77.276278,28.559951],[77.276308,28.559878],[77.276386,28.559903],[77.276396,28.559879],[77.276481,28.559906],[77.27644,28.560006]]]}},{"type":"Feature","properties":{"confidence":0.98},"geometry":{"type":"Polygon","coordinates":[[[77.279974,28.562074],[77.279915,28.56207],[77.279921,28.562007],[77.27998,28.562011],[77.279974,28.562074]]]}},{"type":"Feature","properties":{"confidence":0.988},"geometry":{"type":"Polygon","coordinates":[[[77.285572,28.562723],[77.285574,28.562759],[77.285531,28.562761],[77.285529,28.562725],[77.285572,28.562723]]]}},{"type":"Feature","properties":{"confidence":0.991},"geometry":{"type":"Polygon","coordinates":[[[77.287237,28.557869],[77.287028,28.557874],[77.287025,28.557754],[77.287234,28.557749],[77.287237,28.557869]]]}},{"type":"Feature","properties":{"confidence":0.939},"geometry":{"type":"Polygon","coordinates":[[[77.277698,28.564765],[77.277693,28.564882],[77.27761,28.564879],[77.277615,28.564762],[77.277698,28.564765]]]}},{"type":"Feature","properties":{"confidence":0.801},"geometry":{"type":"Polygon","coordinates":[[[77.278268,28.558047],[77.278128,28.558278],[77.277706,28.55808],[77.277774,28.557969],[77.277804,28.557982],[77.277825,28.557947],[77.277833,28.557951],[77.277911,28.557824],[77.278025,28.557877],[77.277998,28.557921],[77.278268,28.558047]]]}},{"type":"Feature","properties":{"confidence":0.991},"geometry":{"type":"Polygon","coordinates":[[[77.283914,28.566186],[77.283832,28.566233],[77.283791,28.566207],[77.283755,28.566252],[77.283483,28.566084],[77.28347,28.566066],[77.28343,28.566088],[77.283406,28.566118],[77.28331,28.566058],[77.283293,28.566068],[77.283263,28.566105],[77.283256,28.566106],[77.283021,28.565961],[77.283129,28.565826],[77.283204,28.565873],[77.283278,28.565831],[77.283302,28.565846],[77.283356,28.565816],[77.283397,28.565841],[77.283438,28.565833],[77.283421,28.565767],[77.283492,28.565752],[77.283508,28.565775],[77.283552,28.565766],[77.283623,28.565865],[77.28363,28.565891],[77.283683,28.565924],[77.283724,28.565979],[77.283668,28.566049],[77.283687,28.566045],[77.283776,28.565996],[77.283914,28.566186]]]}},{"type":"Feature","properties":{"confidence":0.967},"geometry":{"type":"Polygon","coordinates":[[[77.286959,28.560876],[77.286964,28.560876],[77.286939,28.560769],[77.287003,28.560758],[77.287039,28.560909],[77.286969,28.560922],[77.286959,28.560876]]]}},{"type":"Feature","properties":{"confidence":0.938},"geometry":{"type":"Polygon","coordinates":[[[77.288153,28.565607],[77.288162,28.565577],[77.288292,28.565607],[77.288265,28.5657],[77.288171,28.565679],[77.28819,28.565615],[77.288153,28.565607]]]}},{"type":"Feature","properties":{"confidence":0.903},"geometry":{"type":"Polygon","coordinates":[[[77.278266,28.567653],[77.278465,28.56772],[77.278447,28.56776],[77.278248,28.567694],[77.278266,28.567653]]]}},{"type":"Feature","properties":{"confidence":0.968},"geometry":{"type":"Polygon","coordinates":[[[77.278172,28.557658],[77.278059,28.55781],[77.277806,28.557664],[77.277887,28.557555],[77.277956,28.557595],[77.277988,28.557552],[77.278172,28.557658]]]}},{"type":"Feature","properties":{"confidence":0.965},"geometry":{"type":"Polygon","coordinates":[[[77.283426,28.568301],[77.283534,28.568259],[77.283587,28.568362],[77.283602,28.568356],[77.283717,28.56858],[77.283762,28.568563],[77.283795,28.568629],[77.283626,28.568695],[77.283426,28.568301]]]}},{"type":"Feature","properties":{"confidence":0.968},"geometry":{"type":"Polygon","coordinates":[[[77.283961,28.565407],[77.283717,28.56549],[77.283675,28.565394],[77.283837,28.565339],[77.283852,28.565372],[77.283934,28.565344],[77.283961,28.565407]]]}},{"type":"Feature","properties":{"confidence":0.969},"geometry":{"type":"Polygon","coordinates":[[[77.28431,28.568683],[77.284234,28.568468],[77.28431,28.568447],[77.28429,28.568393],[77.284205,28.568416],[77.284155,28.568277],[77.284268,28.568247],[77.284304,28.568348],[77.284355,28.568333],[77.284392,28.568437],[77.284372,28.568442],[77.284402,28.568526],[77.284495,28.5685],[77.284523,28.56858],[77.284711,28.568528],[77.284761,28.56867],[77.284507,28.568739],[77.284471,28.568639],[77.28431,28.568683]]]}},{"type":"Feature","properties":{"confidence":0.894},"geometry":{"type":"Polygon","coordinates":[[[77.276263,28.565154],[77.276261,28.565284],[77.276064,28.565281],[77.276064,28.56526],[77.276,28.565258],[77.276,28.565235],[77.275853,28.565233],[77.275855,28.565148],[77.276263,28.565154]]]}},{"type":"Feature","properties":{"confidence":0.977},"geometry":{"type":"Polygon","coordinates":[[[77.279333,28.566701],[77.279177,28.566804],[77.279114,28.56673],[77.27927,28.566627],[77.279333,28.566701]]]}},{"type":"Feature","properties":{"confidence":0.975},"geometry":{"type":"Polygon","coordinates":[[[77.28501,28.568777],[77.284805,28.568833],[77.284757,28.568698],[77.284962,28.568642],[77.28501,28.568777]]]}},{"type":"Feature","properties":{"confidence":0.926},"geometry":{"type":"Polygon","coordinates":[[[77.28646,28.561245],[77.286352,28.561226],[77.286363,28.561176],[77.286471,28.561195],[77.28646,28.561245]]]}},{"type":"Feature","properties":{"confidence":0.978},"geometry":{"type":"Polygon","coordinates":[[[77.276407,28.562209],[77.276684,28.562216],[77.276679,28.56236],[77.276402,28.562352],[77.276407,28.562209]]]}},{"type":"Feature","properties":{"confidence":0.981},"geometry":{"type":"Polygon","coordinates":[[[77.276481,28.566275],[77.276477,28.566362],[77.276493,28.566386],[77.27649,28.566455],[77.276458,28.56647],[77.276496,28.56653],[77.276494,28.566587],[77.276357,28.566583],[77.27633,28.566596],[77.27634,28.566613],[77.27651,28.566618],[77.276504,28.566775],[77.276495,28.56678],[77.276494,28.566812],[77.276456,28.566811],[77.276455,28.566845],[77.276356,28.566842],[77.276332,28.566804],[77.276207,28.566801],[77.27621,28.566715],[77.276249,28.566697],[77.27625,28.566645],[77.276231,28.566614],[77.276233,28.566567],[77.2763,28.566569],[77.276304,28.56645],[77.276215,28.566447],[77.276222,28.566269],[77.276481,28.566275]]]}},{"type":"Feature","properties":{"confidence":0.998},"geometry":{"type":"Polygon","coordinates":[[[77.278906,28.567729],[77.278942,28.567689],[77.27902,28.567743],[77.278983,28.567783],[77.278906,28.567729]]]}},{"type":"Feature","properties":{"confidence":0.934},"geometry":{"type":"Polygon","coordinates":[[[77.279359,28.565425],[77.279279,28.565467],[77.279212,28.565367],[77.279292,28.565325],[77.279359,28.565425]]]}},{"type":"Feature","properties":{"confidence":0.954},"geometry":{"type":"Polygon","coordinates":[[[77.287983,28.565589],[77.288111,28.565583],[77.288113,28.565613],[77.288183,28.56561],[77.288192,28.565751],[77.288232,28.565749],[77.288236,28.565819],[77.288161,28.565823],[77.28816,28.565802],[77.287997,28.56581],[77.287983,28.565589]]]}},{"type":"Feature","properties":{"confidence":0.941},"geometry":{"type":"Polygon","coordinates":[[[77.278119,28.567488],[77.27811,28.567506],[77.277995,28.567632],[77.277983,28.567656],[77.277863,28.56761],[77.277997,28.567705],[77.278073,28.567734],[77.278036,28.567808],[77.277951,28.567775],[77.277863,28.567714],[77.277837,28.567704],[77.277824,28.567731],[77.277768,28.567692],[77.27781,28.567607],[77.277836,28.567617],[77.277835,28.567619],[77.277879,28.567571],[77.277848,28.567549],[77.277864,28.567517],[77.277848,28.567506],[77.277962,28.567381],[77.278004,28.567398],[77.277956,28.567493],[77.278015,28.567429],[77.278019,28.56742],[77.278027,28.567423],[77.278119,28.567488]]]}},{"type":"Feature","properties":{"confidence":0.959},"geometry":{"type":"Polygon","coordinates":[[[77.278685,28.561808],[77.278684,28.561662],[77.278868,28.561662],[77.278868,28.561633],[77.279223,28.561632],[77.279224,28.561794],[77.279153,28.561795],[77.279153,28.561805],[77.278685,28.561808]]]}},{"type":"Feature","properties":{"confidence":0.977},"geometry":{"type":"Polygon","coordinates":[[[77.278842,28.565243],[77.279085,28.565434],[77.279134,28.565385],[77.279288,28.565506],[77.279208,28.565584],[77.279189,28.565569],[77.279054,28.565702],[77.278676,28.565407],[77.278842,28.565243]]]}},{"type":"Feature","properties":{"confidence":0.965},"geometry":{"type":"Polygon","coordinates":[[[77.279139,28.561621],[77.279137,28.561538],[77.279182,28.561537],[77.279185,28.56162],[77.279139,28.561621]]]}},{"type":"Feature","properties":{"confidence":0.921},"geometry":{"type":"Polygon","coordinates":[[[77.278758,28.566822],[77.278684,28.566848],[77.27863,28.56673],[77.278704,28.566704],[77.278758,28.566822]]]}},{"type":"Feature","properties":{"confidence":0.922},"geometry":{"type":"Polygon","coordinates":[[[77.284442,28.565314],[77.284167,28.565407],[77.28409,28.565233],[77.284365,28.56514],[77.284442,28.565314]]]}},{"type":"Feature","properties":{"confidence":0.999},"geometry":{"type":"Polygon","coordinates":[[[77.275782,28.565087],[77.275783,28.565003],[77.276151,28.565007],[77.27615,28.56509],[77.275782,28.565087]]]}},{"type":"Feature","properties":{"confidence":0.954},"geometry":{"type":"Polygon","coordinates":[[[77.284194,28.566045],[77.284243,28.566029],[77.284286,28.566133],[77.284237,28.566149],[77.284194,28.566045]]]}},{"type":"Feature","properties":{"confidence":0.967},"geometry":{"type":"Polygon","coordinates":[[[77.280476,28.568235],[77.280507,28.568394],[77.281118,28.569081],[77.281024,28.569146],[77.280961,28.569075],[77.280906,28.569113],[77.280875,28.569077],[77.280848,28.569138],[77.280788,28.569147],[77.280604,28.568941],[77.280767,28.568829],[77.280667,28.568795],[77.280664,28.568781],[77.280638,28.568841],[77.280648,28.568894],[77.280587,28.568936],[77.28033,28.568648],[77.280392,28.568606],[77.280435,28.568621],[77.280408,28.56859],[77.280458,28.568556],[77.280443,28.56854],[77.28038,28.568583],[77.280319,28.568514],[77.280302,28.568517],[77.280236,28.568562],[77.280038,28.56834],[77.280218,28.568216],[77.280335,28.568349],[77.280367,28.568327],[77.280357,28.568316],[77.280476,28.568235]]]}},{"type":"Feature","properties":{"confidence":0.939},"geometry":{"type":"Polygon","coordinates":[[[77.281253,28.568444],[77.281077,28.568502],[77.281017,28.568362],[77.281004,28.568366],[77.280956,28.568253],[77.281033,28.568228],[77.281027,28.568214],[77.280944,28.568241],[77.280912,28.568165],[77.281106,28.568101],[77.281253,28.568444]]]}},{"type":"Feature","properties":{"confidence":0.993},"geometry":{"type":"Polygon","coordinates":[[[77.287095,28.563078],[77.287046,28.563166],[77.286948,28.563125],[77.286925,28.563167],[77.286853,28.563199],[77.286848,28.563196],[77.286827,28.563161],[77.286799,28.563211],[77.286555,28.563107],[77.286543,28.563087],[77.286478,28.563059],[77.286501,28.563018],[77.286453,28.562997],[77.286343,28.562806],[77.286357,28.562781],[77.286375,28.562789],[77.286441,28.56276],[77.286454,28.562782],[77.2865,28.562802],[77.286513,28.562825],[77.286904,28.562992],[77.286921,28.563021],[77.286941,28.563012],[77.287095,28.563078]]]}},{"type":"Feature","properties":{"confidence":0.619},"geometry":{"type":"Polygon","coordinates":[[[77.287811,28.559332],[77.288251,28.559248],[77.288264,28.559299],[77.288331,28.559287],[77.288413,28.55962],[77.287906,28.559717],[77.287811,28.559332]]]}},{"type":"Feature","properties":{"confidence":0.966},"geometry":{"type":"Polygon","coordinates":[[[77.288397,28.565646],[77.288385,28.565669],[77.288442,28.565692],[77.288416,28.565744],[77.28828,28.565691],[77.288319,28.565615],[77.288397,28.565646]]]}},{"type":"Feature","properties":{"confidence":0.974},"geometry":{"type":"Polygon","coordinates":[[[77.276576,28.567491],[77.276559,28.567524],[77.276493,28.567497],[77.27651,28.567464],[77.276576,28.567491]]]}},{"type":"Feature","properties":{"confidence":0.978},"geometry":{"type":"Polygon","coordinates":[[[77.28408,28.566574],[77.28403,28.566614],[77.283994,28.566579],[77.284044,28.566539],[77.28408,28.566574]]]}},{"type":"Feature","properties":{"confidence":0.953},"geometry":{"type":"Polygon","coordinates":[[[77.285419,28.562311],[77.285518,28.562242],[77.285698,28.562268],[77.286094,28.562708],[77.286117,28.562583],[77.286241,28.562498],[77.286504,28.562536],[77.286527,28.562562],[77.286524,28.562579],[77.286455,28.562627],[77.286774,28.562673],[77.286765,28.562719],[77.286401,28.562666],[77.28639,28.562722],[77.2863,28.562709],[77.286294,28.562744],[77.286229,28.562788],[77.286379,28.562955],[77.286344,28.562979],[77.286464,28.563113],[77.286466,28.563113],[77.286663,28.563333],[77.286611,28.563369],[77.286656,28.563418],[77.28652,28.563512],[77.286327,28.563297],[77.286331,28.563298],[77.285634,28.562523],[77.285619,28.562534],[77.285419,28.562311]]]}},{"type":"Feature","properties":{"confidence":0.988},"geometry":{"type":"Polygon","coordinates":[[[77.285426,28.568427],[77.285437,28.568451],[77.285379,28.568471],[77.285368,28.568447],[77.285426,28.568427]]]}},{"type":"Feature","properties":{"confidence":0.944},"geometry":{"type":"Polygon","coordinates":[[[77.286105,28.568255],[77.286384,28.568884],[77.286277,28.56892],[77.286276,28.568917],[77.28619,28.568946],[77.286183,28.56893],[77.286027,28.568983],[77.285941,28.56879],[77.285932,28.568793],[77.285885,28.568688],[77.28588,28.568689],[77.285738,28.568368],[77.285876,28.568321],[77.285881,28.568331],[77.286105,28.568255]]]}},{"type":"Feature","properties":{"confidence":0.967},"geometry":{"type":"Polygon","coordinates":[[[77.282849,28.567905],[77.282752,28.567936],[77.282768,28.567973],[77.282695,28.567997],[77.282675,28.567951],[77.282633,28.567964],[77.282517,28.567691],[77.282607,28.567662],[77.282607,28.567663],[77.28273,28.567623],[77.282849,28.567905]]]}},{"type":"Feature","properties":{"confidence":0.984},"geometry":{"type":"Polygon","coordinates":[[[77.283063,28.564556],[77.283209,28.56444],[77.283266,28.564495],[77.28312,28.564612],[77.283063,28.564556]]]}},{"type":"Feature","properties":{"confidence":0.977},"geometry":{"type":"Polygon","coordinates":[[[77.284757,28.56528],[77.284905,28.565428],[77.284852,28.565469],[77.284755,28.565372],[77.284701,28.565414],[77.284891,28.565604],[77.284823,28.565656],[77.284539,28.565373],[77.284607,28.56532],[77.28465,28.565363],[77.284757,28.56528]]]}},{"type":"Feature","properties":{"confidence":0.915},"geometry":{"type":"Polygon","coordinates":[[[77.278934,28.566137],[77.278875,28.566157],[77.27886,28.566122],[77.278898,28.566109],[77.278904,28.566122],[77.278947,28.566107],[77.278969,28.566158],[77.279006,28.566145],[77.279027,28.566192],[77.279053,28.566183],[77.279071,28.566225],[77.278986,28.566254],[77.278934,28.566137]]]}},{"type":"Feature","properties":{"confidence":0.902},"geometry":{"type":"Polygon","coordinates":[[[77.280876,28.568031],[77.280845,28.567964],[77.280926,28.567935],[77.280955,28.567997],[77.281013,28.567976],[77.28105,28.568055],[77.280944,28.568093],[77.280942,28.568089],[77.280867,28.568116],[77.280834,28.568046],[77.280876,28.568031]]]}},{"type":"Feature","properties":{"confidence":0.969},"geometry":{"type":"Polygon","coordinates":[[[77.284401,28.559288],[77.284709,28.559359],[77.284726,28.559335],[77.28479,28.55935],[77.284868,28.559393],[77.284662,28.559676],[77.284613,28.559664],[77.284553,28.559746],[77.284542,28.559784],[77.284592,28.559812],[77.28451,28.559924],[77.284485,28.559918],[77.284427,28.559997],[77.284366,28.559963],[77.284386,28.559899],[77.284112,28.559836],[77.284149,28.559712],[77.284166,28.559689],[77.284212,28.559699],[77.284191,28.559771],[77.284259,28.559809],[77.284408,28.559843],[77.284453,28.559692],[77.284288,28.559599],[77.284237,28.559587],[77.284262,28.559554],[77.284218,28.559529],[77.284249,28.559486],[77.284329,28.559505],[77.284357,28.559466],[77.284296,28.559432],[77.284401,28.559288]]]}},{"type":"Feature","properties":{"confidence":0.977},"geometry":{"type":"Polygon","coordinates":[[[77.288027,28.561582],[77.288005,28.561561],[77.287978,28.561584],[77.287876,28.561488],[77.287952,28.561425],[77.288076,28.561542],[77.288027,28.561582]]]}},{"type":"Feature","properties":{"confidence":0.954},"geometry":{"type":"Polygon","coordinates":[[[77.278233,28.56099],[77.278227,28.561043],[77.278129,28.561035],[77.278131,28.561016],[77.278181,28.561021],[77.278185,28.560986],[77.278233,28.56099]]]}},{"type":"Feature","properties":{"confidence":0.945},"geometry":{"type":"Polygon","coordinates":[[[77.280006,28.56715],[77.280172,28.567101],[77.280277,28.567377],[77.28011,28.567425],[77.280006,28.56715]]]}},{"type":"Feature","properties":{"confidence":0.982},"geometry":{"type":"Polygon","coordinates":[[[77.28077,28.566908],[77.280983,28.566837],[77.280978,28.566825],[77.281142,28.56677],[77.2812,28.566904],[77.281017,28.566965],[77.281002,28.56693],[77.280978,28.566938],[77.281037,28.567074],[77.280866,28.567131],[77.28077,28.566908]]]}},{"type":"Feature","properties":{"confidence":0.933},"geometry":{"type":"Polygon","coordinates":[[[77.285429,28.568079],[77.285459,28.568187],[77.285242,28.568233],[77.285227,28.568177],[77.285314,28.568158],[77.2853,28.568107],[77.285429,28.568079]]]}},{"type":"Feature","properties":{"confidence":0.938},"geometry":{"type":"Polygon","coordinates":[[[77.280734,28.559506],[77.280719,28.559619],[77.280753,28.559622],[77.280733,28.559766],[77.280466,28.559738],[77.280477,28.559657],[77.280408,28.55965],[77.28042,28.559559],[77.280515,28.559569],[77.280527,28.559485],[77.280734,28.559506]]]}},{"type":"Feature","properties":{"confidence":0.996},"geometry":{"type":"Polygon","coordinates":[[[77.284444,28.563927],[77.284415,28.563975],[77.284342,28.563941],[77.284371,28.563893],[77.284444,28.563927]]]}},{"type":"Feature","properties":{"confidence":0.984},"geometry":{"type":"Polygon","coordinates":[[[77.278776,28.56581],[77.278715,28.565853],[77.278648,28.565778],[77.278709,28.565736],[77.278776,28.56581]]]}},{"type":"Feature","properties":{"confidence":0.992},"geometry":{"type":"Polygon","coordinates":[[[77.279093,28.566363],[77.279221,28.56629],[77.279403,28.566536],[77.279301,28.566594],[77.279274,28.566557],[77.279247,28.566572],[77.279093,28.566363]]]}},{"type":"Feature","properties":{"confidence":0.997},"geometry":{"type":"Polygon","coordinates":[[[77.276836,28.567181],[77.277,28.567255],[77.276964,28.567317],[77.2768,28.567243],[77.276836,28.567181]]]}},{"type":"Feature","properties":{"confidence":0.985},"geometry":{"type":"Polygon","coordinates":[[[77.276991,28.565433],[77.276991,28.565682],[77.276718,28.565681],[77.276718,28.565433],[77.276991,28.565433]]]}},{"type":"Feature","properties":{"confidence":0.996},"geometry":{"type":"Polygon","coordinates":[[[77.277031,28.557286],[77.276876,28.55744],[77.276694,28.557298],[77.276848,28.557144],[77.277031,28.557286]]]}},{"type":"Feature","properties":{"confidence":0.978},"geometry":{"type":"Polygon","coordinates":[[[77.278401,28.559989],[77.278404,28.559824],[77.278581,28.559827],[77.278578,28.559992],[77.278401,28.559989]]]}},{"type":"Feature","properties":{"confidence":1},"geometry":{"type":"Polygon","coordinates":[[[77.282957,28.55718],[77.282978,28.557152],[77.283042,28.557189],[77.283021,28.557217],[77.282957,28.55718]]]}},{"type":"Feature","properties":{"confidence":0.958},"geometry":{"type":"Polygon","coordinates":[[[77.284518,28.566305],[77.284537,28.566353],[77.284581,28.566339],[77.284617,28.566426],[77.284565,28.566443],[77.284553,28.566414],[77.284522,28.566424],[77.284478,28.566317],[77.284518,28.566305]]]}},{"type":"Feature","properties":{"confidence":0.872},"geometry":{"type":"Polygon","coordinates":[[[77.285703,28.563374],[77.285766,28.563389],[77.285783,28.563331],[77.285847,28.563346],[77.285768,28.563612],[77.285641,28.563582],[77.285703,28.563374]]]}},{"type":"Feature","properties":{"confidence":0.978},"geometry":{"type":"Polygon","coordinates":[[[77.279092,28.565256],[77.279131,28.565281],[77.279099,28.565319],[77.27906,28.565295],[77.279092,28.565256]]]}},{"type":"Feature","properties":{"confidence":0.965},"geometry":{"type":"Polygon","coordinates":[[[77.280589,28.560038],[77.280584,28.560142],[77.280481,28.560138],[77.280486,28.560034],[77.280589,28.560038]]]}},{"type":"Feature","properties":{"confidence":0.951},"geometry":{"type":"Polygon","coordinates":[[[77.281655,28.56385],[77.281657,28.563946],[77.281349,28.56395],[77.281347,28.563853],[77.281655,28.56385]]]}},{"type":"Feature","properties":{"confidence":0.908},"geometry":{"type":"Polygon","coordinates":[[[77.282732,28.563261],[77.282764,28.56316],[77.282854,28.563182],[77.282822,28.563283],[77.282732,28.563261]]]}},{"type":"Feature","properties":{"confidence":0.898},"geometry":{"type":"Polygon","coordinates":[[[77.284938,28.560671],[77.284961,28.560615],[77.285,28.560628],[77.284977,28.560684],[77.284938,28.560671]]]}},{"type":"Feature","properties":{"confidence":0.95},"geometry":{"type":"Polygon","coordinates":[[[77.288056,28.558095],[77.288066,28.558215],[77.287676,28.558239],[77.287673,28.558202],[77.287569,28.558208],[77.287562,28.558129],[77.287846,28.558111],[77.28784,28.558029],[77.287908,28.558025],[77.287914,28.558104],[77.288056,28.558095]]]}},{"type":"Feature","properties":{"confidence":0.976},"geometry":{"type":"Polygon","coordinates":[[[77.28862,28.559288],[77.288617,28.559394],[77.288551,28.559392],[77.28855,28.559422],[77.288448,28.559419],[77.288453,28.559283],[77.28862,28.559288]]]}},{"type":"Feature","properties":{"confidence":0.979},"geometry":{"type":"Polygon","coordinates":[[[77.276709,28.565664],[77.27661,28.565663],[77.27661,28.565689],[77.276382,28.565686],[77.276384,28.565493],[77.27634,28.565493],[77.27634,28.565436],[77.276712,28.56544],[77.276709,28.565664]]]}},{"type":"Feature","properties":{"confidence":0.931},"geometry":{"type":"Polygon","coordinates":[[[77.276766,28.567644],[77.276699,28.567729],[77.276696,28.567726],[77.276645,28.56779],[77.276438,28.567665],[77.276408,28.567703],[77.276359,28.567673],[77.27645,28.567557],[77.276512,28.567594],[77.276567,28.567524],[77.276766,28.567644]]]}},{"type":"Feature","properties":{"confidence":0.985},"geometry":{"type":"Polygon","coordinates":[[[77.277113,28.559458],[77.276916,28.559775],[77.276918,28.559782],[77.276891,28.559824],[77.276859,28.559828],[77.276734,28.56003],[77.276545,28.55994],[77.276542,28.55992],[77.276556,28.559898],[77.276382,28.559814],[77.276354,28.55986],[77.276302,28.559835],[77.276257,28.559907],[77.276205,28.559882],[77.276202,28.559869],[77.275848,28.559699],[77.275962,28.559516],[77.276023,28.559508],[77.276034,28.55949],[77.276174,28.559472],[77.276386,28.559573],[77.276755,28.559526],[77.276612,28.559458],[77.276606,28.559422],[77.276787,28.559132],[77.277044,28.559255],[77.276963,28.559386],[77.277113,28.559458]]]}},{"type":"Feature","properties":{"confidence":0.943},"geometry":{"type":"Polygon","coordinates":[[[77.282038,28.56847],[77.282116,28.568645],[77.281893,28.568722],[77.281815,28.568546],[77.282038,28.56847]]]}},{"type":"Feature","properties":{"confidence":0.976},"geometry":{"type":"Polygon","coordinates":[[[77.283515,28.564729],[77.283584,28.564671],[77.283639,28.564722],[77.283569,28.56478],[77.283515,28.564729]]]}},{"type":"Feature","properties":{"confidence":0.982},"geometry":{"type":"Polygon","coordinates":[[[77.28848,28.558383],[77.288481,28.558243],[77.288528,28.558243],[77.288528,28.55823],[77.288657,28.558231],[77.288656,28.558429],[77.288453,28.558428],[77.288453,28.558383],[77.28848,28.558383]]]}},{"type":"Feature","properties":{"confidence":0.989},"geometry":{"type":"Polygon","coordinates":[[[77.280538,28.566541],[77.2805,28.566568],[77.280442,28.566506],[77.28048,28.566479],[77.280538,28.566541]]]}},{"type":"Feature","properties":{"confidence":0.963},"geometry":{"type":"Polygon","coordinates":[[[77.287924,28.562716],[77.287794,28.562713],[77.287796,28.56264],[77.287926,28.562644],[77.287924,28.562716]]]}},{"type":"Feature","properties":{"confidence":0.842},"geometry":{"type":"Polygon","coordinates":[[[77.287976,28.565143],[77.288092,28.56499],[77.288328,28.564908],[77.288444,28.564976],[77.288488,28.565074],[77.288494,28.56513],[77.288327,28.565188],[77.288337,28.565211],[77.288408,28.565186],[77.288438,28.565203],[77.288485,28.565141],[77.288531,28.565168],[77.288492,28.565219],[77.288318,28.565234],[77.288334,28.56527],[77.288481,28.565257],[77.288612,28.565549],[77.288506,28.565586],[77.288467,28.565498],[77.288426,28.565552],[77.288334,28.565498],[77.288235,28.565507],[77.288287,28.565438],[77.288369,28.565431],[77.288327,28.565339],[77.288205,28.5655],[77.288053,28.565411],[77.288109,28.565336],[77.288131,28.565349],[77.288158,28.565313],[77.288253,28.565305],[77.287976,28.565143]]]}},{"type":"Feature","properties":{"confidence":0.964},"geometry":{"type":"Polygon","coordinates":[[[77.276697,28.557056],[77.276529,28.5573],[77.276323,28.557191],[77.276364,28.55713],[77.27639,28.557144],[77.276516,28.55696],[77.276697,28.557056]]]}},{"type":"Feature","properties":{"confidence":0.976},"geometry":{"type":"Polygon","coordinates":[[[77.276984,28.567338],[77.276938,28.56741],[77.27675,28.567318],[77.276726,28.567356],[77.276921,28.567451],[77.276881,28.567515],[77.276836,28.567493],[77.276777,28.567587],[77.276621,28.567511],[77.276629,28.567497],[77.276562,28.567464],[77.276687,28.567265],[77.276728,28.567285],[77.276763,28.56723],[77.276984,28.567338]]]}},{"type":"Feature","properties":{"confidence":0.967},"geometry":{"type":"Polygon","coordinates":[[[77.276055,28.557563],[77.276119,28.557481],[77.276084,28.55746],[77.276166,28.557353],[77.276359,28.557467],[77.276214,28.557657],[77.276055,28.557563]]]}},{"type":"Feature","properties":{"confidence":0.955},"geometry":{"type":"Polygon","coordinates":[[[77.28196,28.56604],[77.28198,28.566084],[77.281937,28.5661],[77.281916,28.566055],[77.28196,28.56604]]]}},{"type":"Feature","properties":{"confidence":0.852},"geometry":{"type":"Polygon","coordinates":[[[77.285408,28.557298],[77.285479,28.557333],[77.28539,28.557475],[77.285318,28.557441],[77.285408,28.557298]]]}},{"type":"Feature","properties":{"confidence":0.967},"geometry":{"type":"Polygon","coordinates":[[[77.281652,28.564934],[77.281736,28.564932],[77.281738,28.565024],[77.281655,28.565026],[77.281652,28.564934]]]}},{"type":"Feature","properties":{"confidence":0.989},"geometry":{"type":"Polygon","coordinates":[[[77.28285,28.564712],[77.283052,28.564554],[77.283114,28.564615],[77.282912,28.564773],[77.28285,28.564712]]]}},{"type":"Feature","properties":{"confidence":0.98},"geometry":{"type":"Polygon","coordinates":[[[77.283585,28.564791],[77.283675,28.564717],[77.283704,28.564744],[77.283778,28.564683],[77.283962,28.564853],[77.283798,28.564989],[77.283585,28.564791]]]}},{"type":"Feature","properties":{"confidence":0.991},"geometry":{"type":"Polygon","coordinates":[[[77.28415,28.564864],[77.28431,28.564995],[77.284175,28.565123],[77.284015,28.564991],[77.28415,28.564864]]]}},{"type":"Feature","properties":{"confidence":0.844},"geometry":{"type":"Polygon","coordinates":[[[77.277802,28.557294],[77.277822,28.557311],[77.277829,28.557305],[77.277856,28.557328],[77.277805,28.557375],[77.277758,28.557335],[77.277802,28.557294]]]}},{"type":"Feature","properties":{"confidence":0.96},"geometry":{"type":"Polygon","coordinates":[[[77.280341,28.567977],[77.280169,28.568029],[77.280156,28.567995],[77.280328,28.567944],[77.280341,28.567977]]]}},{"type":"Feature","properties":{"confidence":0.948},"geometry":{"type":"Polygon","coordinates":[[[77.276102,28.567531],[77.27625,28.567323],[77.276479,28.56745],[77.276331,28.567657],[77.276102,28.567531]]]}},{"type":"Feature","properties":{"confidence":0.987},"geometry":{"type":"Polygon","coordinates":[[[77.282289,28.566427],[77.282204,28.566461],[77.282156,28.566366],[77.282241,28.566333],[77.282289,28.566427]]]}},{"type":"Feature","properties":{"confidence":0.972},"geometry":{"type":"Polygon","coordinates":[[[77.287832,28.563009],[77.287835,28.563081],[77.287679,28.563084],[77.287677,28.563012],[77.287832,28.563009]]]}},{"type":"Feature","properties":{"confidence":0.951},"geometry":{"type":"Polygon","coordinates":[[[77.287865,28.563551],[77.287912,28.563374],[77.288009,28.563394],[77.288,28.563426],[77.288036,28.563433],[77.287998,28.563578],[77.287865,28.563551]]]}},{"type":"Feature","properties":{"confidence":0.965},"geometry":{"type":"Polygon","coordinates":[[[77.284228,28.560727],[77.284272,28.560747],[77.284203,28.560868],[77.284158,28.560848],[77.284228,28.560727]]]}},{"type":"Feature","properties":{"confidence":0.992},"geometry":{"type":"Polygon","coordinates":[[[77.276176,28.567927],[77.276207,28.567852],[77.276257,28.567794],[77.276248,28.567815],[77.27635,28.567696],[77.276454,28.567729],[77.276611,28.567833],[77.27659,28.567882],[77.276536,28.567945],[77.276491,28.56793],[77.276472,28.567953],[77.276415,28.567916],[77.276406,28.567912],[77.27634,28.56787],[77.276317,28.567862],[77.276299,28.567904],[77.276388,28.567933],[77.276444,28.56797],[77.276402,28.568071],[77.276385,28.568065],[77.276176,28.567927]]]}},{"type":"Feature","properties":{"confidence":0.999},"geometry":{"type":"Polygon","coordinates":[[[77.279957,28.564875],[77.280012,28.564818],[77.280156,28.564926],[77.2801,28.564983],[77.279957,28.564875]]]}},{"type":"Feature","properties":{"confidence":0.958},"geometry":{"type":"Polygon","coordinates":[[[77.280348,28.567943],[77.280518,28.567889],[77.280571,28.56802],[77.280401,28.568073],[77.280348,28.567943]]]}},{"type":"Feature","properties":{"confidence":0.987},"geometry":{"type":"Polygon","coordinates":[[[77.283254,28.563062],[77.28313,28.563059],[77.283135,28.562916],[77.283259,28.56292],[77.283254,28.563062]]]}},{"type":"Feature","properties":{"confidence":0.918},"geometry":{"type":"Polygon","coordinates":[[[77.278775,28.567177],[77.278744,28.567198],[77.278714,28.567163],[77.278746,28.567142],[77.278775,28.567177]]]}},{"type":"Feature","properties":{"confidence":0.933},"geometry":{"type":"Polygon","coordinates":[[[77.281977,28.568407],[77.281803,28.568483],[77.281746,28.568383],[77.281716,28.568396],[77.281665,28.568306],[77.281699,28.568291],[77.281625,28.568161],[77.281666,28.568143],[77.281622,28.568065],[77.281725,28.56802],[77.281774,28.568107],[77.281746,28.568119],[77.281833,28.568272],[77.281835,28.568271],[77.281872,28.568335],[77.281923,28.568312],[77.281977,28.568407]]]}},{"type":"Feature","properties":{"confidence":0.967},"geometry":{"type":"Polygon","coordinates":[[[77.282455,28.561585],[77.282456,28.561633],[77.282321,28.561635],[77.282319,28.561588],[77.282455,28.561585]]]}},{"type":"Feature","properties":{"confidence":0.938},"geometry":{"type":"Polygon","coordinates":[[[77.284748,28.565832],[77.284497,28.565484],[77.28451,28.565454],[77.284475,28.565406],[77.284515,28.565384],[77.284597,28.565411],[77.284838,28.565745],[77.284958,28.565785],[77.284629,28.565968],[77.284607,28.565961],[77.28459,28.566001],[77.284561,28.566017],[77.284515,28.566001],[77.28433,28.565745],[77.284444,28.565681],[77.284335,28.565529],[77.284276,28.565562],[77.284263,28.565543],[77.284289,28.565482],[77.284457,28.565537],[77.28466,28.565818],[77.284731,28.565842],[77.284748,28.565832]]]}},{"type":"Feature","properties":{"confidence":0.962},"geometry":{"type":"Polygon","coordinates":[[[77.287804,28.561197],[77.287936,28.561313],[77.287744,28.561481],[77.287613,28.561366],[77.287804,28.561197]]]}},{"type":"Feature","properties":{"confidence":0.975},"geometry":{"type":"Polygon","coordinates":[[[77.282078,28.565862],[77.282041,28.565878],[77.28202,28.56584],[77.282057,28.565824],[77.282078,28.565862]]]}},{"type":"Feature","properties":{"confidence":0.975},"geometry":{"type":"Polygon","coordinates":[[[77.286307,28.558542],[77.286351,28.55854],[77.286354,28.558591],[77.28631,28.558593],[77.286307,28.558542]]]}},{"type":"Feature","properties":{"confidence":0.976},"geometry":{"type":"Polygon","coordinates":[[[77.276236,28.565483],[77.276357,28.565485],[77.276352,28.565692],[77.276287,28.565691],[77.276288,28.565657],[77.276251,28.565656],[77.27625,28.565693],[77.276137,28.565691],[77.27614,28.565552],[77.276234,28.565554],[77.276236,28.565483]]]}},{"type":"Feature","properties":{"confidence":0.979},"geometry":{"type":"Polygon","coordinates":[[[77.282107,28.557209],[77.281983,28.557391],[77.28189,28.557342],[77.282014,28.55716],[77.282107,28.557209]]]}},{"type":"Feature","properties":{"confidence":0.95},"geometry":{"type":"Polygon","coordinates":[[[77.285709,28.568365],[77.285873,28.568751],[77.285888,28.568746],[77.285957,28.568907],[77.285756,28.568973],[77.285737,28.568927],[77.285573,28.568981],[77.285362,28.568481],[77.285454,28.568451],[77.285468,28.568485],[77.285508,28.568472],[77.285493,28.568436],[77.285709,28.568365]]]}},{"type":"Feature","properties":{"confidence":0.984},"geometry":{"type":"Polygon","coordinates":[[[77.288768,28.561675],[77.288647,28.561871],[77.288566,28.561937],[77.288392,28.561854],[77.288469,28.561929],[77.288555,28.56197],[77.288428,28.562176],[77.288246,28.562089],[77.288222,28.562109],[77.288185,28.562091],[77.288153,28.56206],[77.288177,28.562021],[77.288011,28.561942],[77.288179,28.561669],[77.28831,28.561731],[77.288253,28.561823],[77.288334,28.561759],[77.28838,28.56178],[77.28841,28.561756],[77.288274,28.561625],[77.288354,28.561561],[77.288393,28.561598],[77.288436,28.561563],[77.288488,28.561612],[77.288457,28.561661],[77.288562,28.561577],[77.288625,28.561607],[77.288648,28.561588],[77.288709,28.561647],[77.288768,28.561675]]]}},{"type":"Feature","properties":{"confidence":0.954},"geometry":{"type":"Polygon","coordinates":[[[77.276361,28.563755],[77.276363,28.563792],[77.276419,28.563791],[77.276423,28.563897],[77.276295,28.563901],[77.276289,28.563757],[77.276361,28.563755]]]}},{"type":"Feature","properties":{"confidence":0.967},"geometry":{"type":"Polygon","coordinates":[[[77.28255,28.566809],[77.282773,28.566721],[77.282894,28.566956],[77.282671,28.567044],[77.28255,28.566809]]]}},{"type":"Feature","properties":{"confidence":0.974},"geometry":{"type":"Polygon","coordinates":[[[77.276189,28.566505],[77.275932,28.566514],[77.275924,28.56634],[77.276182,28.566331],[77.276189,28.566505]]]}},{"type":"Feature","properties":{"confidence":0.96},"geometry":{"type":"Polygon","coordinates":[[[77.280927,28.561118],[77.28093,28.561163],[77.280822,28.561169],[77.280819,28.561125],[77.280927,28.561118]]]}},{"type":"Feature","properties":{"confidence":0.932},"geometry":{"type":"Polygon","coordinates":[[[77.276139,28.566295],[77.275952,28.566301],[77.275947,28.566206],[77.276195,28.566197],[77.276201,28.566344],[77.276141,28.566346],[77.276139,28.566295]]]}},{"type":"Feature","properties":{"confidence":0.986},"geometry":{"type":"Polygon","coordinates":[[[77.278233,28.56845],[77.278429,28.5683],[77.278562,28.568433],[77.278527,28.568461],[77.278663,28.568597],[77.278502,28.568721],[77.278233,28.56845]]]}},{"type":"Feature","properties":{"confidence":0.95},"geometry":{"type":"Polygon","coordinates":[[[77.283884,28.567303],[77.28401,28.567676],[77.283895,28.567706],[77.283767,28.567326],[77.283627,28.567363],[77.283628,28.567366],[77.283499,28.567399],[77.283564,28.56759],[77.283433,28.567624],[77.283313,28.567269],[77.283386,28.56725],[77.283348,28.567136],[77.283534,28.567088],[77.283537,28.567097],[77.283847,28.567017],[77.283857,28.567046],[77.283941,28.567024],[77.28393,28.566989],[77.284035,28.566962],[77.284128,28.567239],[77.283884,28.567303]]]}},{"type":"Feature","properties":{"confidence":0.98},"geometry":{"type":"Polygon","coordinates":[[[77.283641,28.567579],[77.283591,28.567415],[77.283777,28.567372],[77.28388,28.567714],[77.283642,28.56777],[77.283588,28.567591],[77.283641,28.567579]]]}},{"type":"Feature","properties":{"confidence":0.888},"geometry":{"type":"Polygon","coordinates":[[[77.285363,28.56775],[77.285277,28.567772],[77.285183,28.567487],[77.285268,28.567465],[77.285363,28.56775]]]}},{"type":"Feature","properties":{"confidence":0.957},"geometry":{"type":"Polygon","coordinates":[[[77.287367,28.558629],[77.287365,28.558665],[77.287226,28.558661],[77.287227,28.558637],[77.287243,28.558638],[77.287245,28.558581],[77.287277,28.558582],[77.287276,28.558626],[77.287367,28.558629]]]}},{"type":"Feature","properties":{"confidence":0.942},"geometry":{"type":"Polygon","coordinates":[[[77.283578,28.568218],[77.283942,28.568125],[77.283994,28.568284],[77.284128,28.56825],[77.284192,28.568445],[77.284078,28.568474],[77.284033,28.568338],[77.283951,28.568309],[77.284014,28.5685],[77.2839,28.568529],[77.283839,28.568342],[77.283688,28.568381],[77.28378,28.568412],[77.283739,28.568504],[77.283867,28.568548],[77.283925,28.568726],[77.284113,28.568679],[77.284174,28.568862],[77.283974,28.568913],[77.283913,28.568731],[77.283847,28.568748],[77.283873,28.568829],[77.283862,28.568854],[77.283885,28.568849],[77.283912,28.56893],[77.283748,28.568972],[77.283659,28.568704],[77.283803,28.568667],[77.283813,28.568645],[77.283783,28.568556],[77.283697,28.568578],[77.283578,28.568218]]]}},{"type":"Feature","properties":{"confidence":0.975},"geometry":{"type":"Polygon","coordinates":[[[77.275738,28.557436],[77.276285,28.556759],[77.276331,28.556787],[77.276361,28.55675],[77.27652,28.556849],[77.276375,28.557029],[77.276319,28.556995],[77.276295,28.557024],[77.276356,28.557062],[77.276167,28.557297],[77.276148,28.557284],[77.275929,28.557555],[77.275738,28.557436]]]}},{"type":"Feature","properties":{"confidence":0.98},"geometry":{"type":"Polygon","coordinates":[[[77.277691,28.562614],[77.277673,28.562729],[77.277575,28.562717],[77.277569,28.562757],[77.277472,28.562745],[77.27748,28.562691],[77.277222,28.562659],[77.277161,28.56267],[77.277114,28.562664],[77.27711,28.562649],[77.276876,28.562693],[77.276869,28.562739],[77.276754,28.562761],[77.276744,28.562718],[77.276651,28.562736],[77.276645,28.562708],[77.276659,28.562621],[77.276917,28.562573],[77.276917,28.562573],[77.277177,28.562524],[77.277232,28.562531],[77.277242,28.562575],[77.277295,28.562565],[77.277691,28.562614]]]}},{"type":"Feature","properties":{"confidence":0.94},"geometry":{"type":"Polygon","coordinates":[[[77.283941,28.559453],[77.284037,28.55929],[77.284167,28.559348],[77.284102,28.559458],[77.284128,28.559469],[77.283919,28.559825],[77.283807,28.559774],[77.283984,28.559473],[77.283941,28.559453]]]}},{"type":"Feature","properties":{"confidence":0.965},"geometry":{"type":"Polygon","coordinates":[[[77.283102,28.565331],[77.283144,28.565317],[77.283161,28.565355],[77.283119,28.565369],[77.283102,28.565331]]]}},{"type":"Feature","properties":{"confidence":0.97},"geometry":{"type":"Polygon","coordinates":[[[77.28759,28.55902],[77.287729,28.558983],[77.287778,28.559126],[77.287205,28.559276],[77.287121,28.559029],[77.287555,28.558916],[77.28759,28.55902]]]}},{"type":"Feature","properties":{"confidence":0.907},"geometry":{"type":"Polygon","coordinates":[[[77.277523,28.564042],[77.277426,28.564054],[77.277415,28.563986],[77.277512,28.563974],[77.277523,28.564042]]]}},{"type":"Feature","properties":{"confidence":0.91},"geometry":{"type":"Polygon","coordinates":[[[77.277604,28.565226],[77.277609,28.564972],[77.277672,28.564973],[77.277672,28.564943],[77.277687,28.564943],[77.277687,28.564973],[77.277716,28.564973],[77.277714,28.565066],[77.277891,28.565069],[77.277888,28.56523],[77.277604,28.565226]]]}},{"type":"Feature","properties":{"confidence":0.758},"geometry":{"type":"Polygon","coordinates":[[[77.282988,28.565366],[77.282719,28.565365],[77.282663,28.565403],[77.282593,28.565402],[77.282262,28.565024],[77.282195,28.565024],[77.282152,28.564975],[77.2823,28.564876],[77.282409,28.564932],[77.282501,28.565037],[77.28248,28.565068],[77.282507,28.565099],[77.282536,28.565114],[77.282586,28.56517],[77.282548,28.565227],[77.282936,28.565228],[77.282936,28.565307],[77.282988,28.565366]]]}},{"type":"Feature","properties":{"confidence":0.982},"geometry":{"type":"Polygon","coordinates":[[[77.288445,28.560809],[77.288341,28.560746],[77.288356,28.560727],[77.288288,28.560686],[77.288362,28.560591],[77.288399,28.560613],[77.28843,28.560573],[77.288565,28.560654],[77.288445,28.560809]]]}},{"type":"Feature","properties":{"confidence":0.981},"geometry":{"type":"Polygon","coordinates":[[[77.276888,28.566066],[77.276885,28.566186],[77.276609,28.566182],[77.276611,28.566083],[77.276664,28.566083],[77.276664,28.566062],[77.276888,28.566066]]]}},{"type":"Feature","properties":{"confidence":0.942},"geometry":{"type":"Polygon","coordinates":[[[77.277734,28.567139],[77.277767,28.567106],[77.277796,28.567104],[77.277816,28.567084],[77.277876,28.56713],[77.277869,28.567068],[77.277885,28.567052],[77.277916,28.567076],[77.277943,28.567074],[77.278018,28.56713],[77.278021,28.56716],[77.277965,28.567165],[77.277974,28.567253],[77.278032,28.567297],[77.278038,28.567356],[77.27801,28.567358],[77.277951,28.567312],[77.277946,28.567265],[77.27789,28.567321],[77.277964,28.567377],[77.277858,28.567484],[77.277801,28.567441],[77.277797,28.567394],[77.277758,28.567365],[77.277734,28.567139]]]}},{"type":"Feature","properties":{"confidence":0.95},"geometry":{"type":"Polygon","coordinates":[[[77.281282,28.567994],[77.281455,28.567921],[77.281622,28.568225],[77.281449,28.568298],[77.281282,28.567994]]]}},{"type":"Feature","properties":{"confidence":0.909},"geometry":{"type":"Polygon","coordinates":[[[77.281908,28.567896],[77.281938,28.567963],[77.281926,28.567967],[77.281967,28.568056],[77.282019,28.568038],[77.282055,28.568117],[77.28199,28.56814],[77.282007,28.568175],[77.281905,28.568211],[77.281863,28.568119],[77.281872,28.568116],[77.281818,28.567998],[77.281799,28.568005],[77.281772,28.567944],[77.281908,28.567896]]]}},{"type":"Feature","properties":{"confidence":0.945},"geometry":{"type":"Polygon","coordinates":[[[77.28237,28.560972],[77.28237,28.560958],[77.282564,28.560958],[77.282564,28.561084],[77.280599,28.561079],[77.280599,28.561038],[77.280666,28.561038],[77.280666,28.560967],[77.28237,28.560972]]]}},{"type":"Feature","properties":{"confidence":0.962},"geometry":{"type":"Polygon","coordinates":[[[77.286358,28.558492],[77.286355,28.558538],[77.286294,28.558536],[77.286296,28.55849],[77.286358,28.558492]]]}},{"type":"Feature","properties":{"confidence":0.954},"geometry":{"type":"Polygon","coordinates":[[[77.282827,28.561626],[77.282945,28.561627],[77.282943,28.561752],[77.282912,28.561752],[77.282911,28.561832],[77.282853,28.561831],[77.282854,28.561796],[77.282824,28.561795],[77.282827,28.561626]]]}},{"type":"Feature","properties":{"confidence":0.98},"geometry":{"type":"Polygon","coordinates":[[[77.284216,28.568216],[77.284223,28.568255],[77.284183,28.568261],[77.284175,28.568222],[77.284216,28.568216]]]}},{"type":"Feature","properties":{"confidence":0.971},"geometry":{"type":"Polygon","coordinates":[[[77.284989,28.564078],[77.285076,28.563907],[77.285222,28.563964],[77.285136,28.564135],[77.284989,28.564078]]]}},{"type":"Feature","properties":{"confidence":0.971},"geometry":{"type":"Polygon","coordinates":[[[77.285688,28.567008],[77.285791,28.567266],[77.285625,28.567317],[77.285574,28.567188],[77.285605,28.567178],[77.285584,28.567125],[77.285541,28.567138],[77.285511,28.567062],[77.285688,28.567008]]]}},{"type":"Feature","properties":{"confidence":0.939},"geometry":{"type":"Polygon","coordinates":[[[77.281203,28.567476],[77.281163,28.567491],[77.281132,28.567429],[77.281173,28.567413],[77.281203,28.567476]]]}},{"type":"Feature","properties":{"confidence":0.994},"geometry":{"type":"Polygon","coordinates":[[[77.283171,28.564473],[77.283094,28.564495],[77.283067,28.564424],[77.283144,28.564402],[77.283171,28.564473]]]}},{"type":"Feature","properties":{"confidence":0.965},"geometry":{"type":"Polygon","coordinates":[[[77.288068,28.561346],[77.288021,28.561398],[77.287942,28.561342],[77.287989,28.561291],[77.288068,28.561346]]]}},{"type":"Feature","properties":{"confidence":0.965},"geometry":{"type":"Polygon","coordinates":[[[77.282893,28.562913],[77.282958,28.562928],[77.28292,28.563052],[77.282799,28.563024],[77.282824,28.562941],[77.28288,28.562955],[77.282893,28.562913]]]}},{"type":"Feature","properties":{"confidence":0.958},"geometry":{"type":"Polygon","coordinates":[[[77.285059,28.559476],[77.285353,28.559587],[77.285273,28.559749],[77.284979,28.559637],[77.285059,28.559476]]]}},{"type":"Feature","properties":{"confidence":0.924},"geometry":{"type":"Polygon","coordinates":[[[77.28512,28.563305],[77.285165,28.563197],[77.285593,28.563335],[77.285554,28.563428],[77.285304,28.563348],[77.285297,28.563362],[77.28512,28.563305]]]}},{"type":"Feature","properties":{"confidence":0.977},"geometry":{"type":"Polygon","coordinates":[[[77.287488,28.558277],[77.287686,28.558285],[77.287668,28.558612],[77.287433,28.558602],[77.287442,28.558423],[77.28748,28.558425],[77.287488,28.558277]]]}},{"type":"Feature","properties":{"confidence":0.983},"geometry":{"type":"Polygon","coordinates":[[[77.276807,28.561227],[77.276807,28.561272],[77.27685,28.561272],[77.276849,28.561333],[77.276771,28.561333],[77.276771,28.561365],[77.276568,28.561363],[77.276568,28.561339],[77.276509,28.561339],[77.27651,28.561274],[77.276571,28.561274],[77.276571,28.561225],[77.276807,28.561227]]]}},{"type":"Feature","properties":{"confidence":0.908},"geometry":{"type":"Polygon","coordinates":[[[77.277982,28.564312],[77.277983,28.564423],[77.277795,28.564424],[77.277794,28.564314],[77.277982,28.564312]]]}},{"type":"Feature","properties":{"confidence":0.967},"geometry":{"type":"Polygon","coordinates":[[[77.279891,28.567558],[77.280049,28.567772],[77.280053,28.567814],[77.280116,28.567778],[77.280265,28.567767],[77.28028,28.567914],[77.280212,28.567919],[77.280159,28.567949],[77.280032,28.567959],[77.280029,28.567924],[77.279981,28.567928],[77.279923,28.56785],[77.279743,28.567951],[77.27968,28.567865],[77.279677,28.567835],[77.279654,28.567804],[77.279785,28.56773],[77.27981,28.567764],[77.279858,28.56776],[77.27977,28.567641],[77.279766,28.567602],[77.279836,28.567562],[77.279891,28.567558]]]}},{"type":"Feature","properties":{"confidence":0.96},"geometry":{"type":"Polygon","coordinates":[[[77.27683,28.567117],[77.276878,28.566967],[77.277155,28.567036],[77.277107,28.567185],[77.27683,28.567117]]]}},{"type":"Feature","properties":{"confidence":0.922},"geometry":{"type":"Polygon","coordinates":[[[77.277522,28.563787],[77.277517,28.563923],[77.277405,28.56392],[77.27741,28.563783],[77.277522,28.563787]]]}},{"type":"Feature","properties":{"confidence":0.995},"geometry":{"type":"Polygon","coordinates":[[[77.278037,28.563127],[77.278041,28.56328],[77.277942,28.563282],[77.277938,28.563129],[77.278037,28.563127]]]}},{"type":"Feature","properties":{"confidence":0.989},"geometry":{"type":"Polygon","coordinates":[[[77.281049,28.559303],[77.281112,28.559301],[77.281114,28.559367],[77.281051,28.559369],[77.281049,28.559303]]]}},{"type":"Feature","properties":{"confidence":0.972},"geometry":{"type":"Polygon","coordinates":[[[77.284087,28.564261],[77.284018,28.564428],[77.284051,28.564461],[77.284112,28.56448],[77.284138,28.564459],[77.284217,28.564536],[77.284132,28.564603],[77.284077,28.564586],[77.283973,28.564484],[77.283957,28.564479],[77.283909,28.564432],[77.283977,28.564266],[77.284061,28.5642],[77.284147,28.563993],[77.284232,28.56402],[77.284166,28.564179],[77.284195,28.564206],[77.284318,28.564246],[77.284385,28.564311],[77.284369,28.564351],[77.284087,28.564261]]]}},{"type":"Feature","properties":{"confidence":0.927},"geometry":{"type":"Polygon","coordinates":[[[77.286816,28.55911],[77.286965,28.559079],[77.286967,28.559085],[77.287046,28.559069],[77.287062,28.559127],[77.2871,28.559119],[77.287113,28.55917],[77.286847,28.559226],[77.286816,28.55911]]]}},{"type":"Feature","properties":{"confidence":0.949},"geometry":{"type":"Polygon","coordinates":[[[77.278827,28.56584],[77.278796,28.565875],[77.278804,28.56588],[77.278784,28.565902],[77.278729,28.565862],[77.27878,28.565807],[77.278827,28.56584]]]}},{"type":"Feature","properties":{"confidence":0.989},"geometry":{"type":"Polygon","coordinates":[[[77.279072,28.559428],[77.278989,28.55943],[77.278987,28.559369],[77.27907,28.559367],[77.279072,28.559428]]]}},{"type":"Feature","properties":{"confidence":0.971},"geometry":{"type":"Polygon","coordinates":[[[77.276656,28.563785],[77.276656,28.563674],[77.276935,28.563676],[77.276935,28.563724],[77.276972,28.563724],[77.276973,28.563659],[77.277391,28.563661],[77.27739,28.563789],[77.276656,28.563785]]]}},{"type":"Feature","properties":{"confidence":0.912},"geometry":{"type":"Polygon","coordinates":[[[77.284479,28.564024],[77.28452,28.564068],[77.284436,28.564127],[77.284395,28.564082],[77.284479,28.564024]]]}},{"type":"Feature","properties":{"confidence":0.99},"geometry":{"type":"Polygon","coordinates":[[[77.280072,28.568704],[77.280228,28.568593],[77.280394,28.568774],[77.280238,28.568885],[77.280072,28.568704]]]}},{"type":"Feature","properties":{"confidence":0.927},"geometry":{"type":"Polygon","coordinates":[[[77.282491,28.565708],[77.282318,28.565789],[77.282316,28.565787],[77.282243,28.565822],[77.282193,28.565739],[77.282281,28.565698],[77.282269,28.565678],[77.282593,28.565526],[77.282644,28.565611],[77.282479,28.565688],[77.282491,28.565708]]]}},{"type":"Feature","properties":{"confidence":0.988},"geometry":{"type":"Polygon","coordinates":[[[77.278548,28.566102],[77.278658,28.566064],[77.278683,28.566045],[77.278729,28.566092],[77.278767,28.566079],[77.278992,28.56631],[77.278955,28.566338],[77.279019,28.566316],[77.279128,28.566428],[77.279151,28.566479],[77.279226,28.566556],[77.279258,28.566626],[77.279197,28.566672],[77.279097,28.566707],[77.27905,28.566659],[77.279029,28.566613],[77.278999,28.566582],[77.278995,28.566572],[77.278851,28.566425],[77.278844,28.566409],[77.278789,28.566353],[77.278787,28.566347],[77.27862,28.566175],[77.278634,28.566206],[77.27859,28.566162],[77.278576,28.566131],[77.278548,28.566102]]]}},{"type":"Feature","properties":{"confidence":0.953},"geometry":{"type":"Polygon","coordinates":[[[77.286971,28.560028],[77.287075,28.560007],[77.287049,28.559912],[77.287157,28.559889],[77.287196,28.560032],[77.286963,28.560081],[77.286959,28.560065],[77.286921,28.560073],[77.286887,28.559946],[77.286945,28.559934],[77.286971,28.560028]]]}},{"type":"Feature","properties":{"confidence":0.954},"geometry":{"type":"Polygon","coordinates":[[[77.287949,28.557578],[77.287872,28.557575],[77.287879,28.557422],[77.287957,28.557425],[77.287949,28.557578]]]}},{"type":"Feature","properties":{"confidence":0.987},"geometry":{"type":"Polygon","coordinates":[[[77.288206,28.564244],[77.288195,28.564227],[77.28808,28.564286],[77.288036,28.564221],[77.288263,28.564104],[77.288318,28.564187],[77.288206,28.564244]]]}},{"type":"Feature","properties":{"confidence":0.996},"geometry":{"type":"Polygon","coordinates":[[[77.282512,28.567518],[77.28258,28.567504],[77.282597,28.567567],[77.282529,28.567582],[77.282512,28.567518]]]}},{"type":"Feature","properties":{"confidence":0.963},"geometry":{"type":"Polygon","coordinates":[[[77.285751,28.567495],[77.285863,28.567457],[77.285859,28.567415],[77.285789,28.567438],[77.285713,28.567444],[77.28567,28.567347],[77.285753,28.567319],[77.285807,28.567315],[77.285831,28.56737],[77.285823,28.567286],[77.285944,28.567245],[77.285971,28.567307],[77.285969,28.567287],[77.286094,28.56757],[77.286029,28.567592],[77.285973,28.567596],[77.285991,28.567637],[77.286096,28.567601],[77.286103,28.567675],[77.286111,28.567693],[77.286027,28.567721],[77.28606,28.567796],[77.285907,28.567848],[77.285751,28.567495]]]}},{"type":"Feature","properties":{"confidence":0.94},"geometry":{"type":"Polygon","coordinates":[[[77.28172,28.563612],[77.281719,28.563838],[77.281351,28.563836],[77.281352,28.563755],[77.281669,28.563757],[77.28167,28.563612],[77.28172,28.563612]]]}},{"type":"Feature","properties":{"confidence":0.988},"geometry":{"type":"Polygon","coordinates":[[[77.283273,28.558973],[77.283122,28.559157],[77.283002,28.559081],[77.283247,28.558783],[77.283443,28.558907],[77.283349,28.559021],[77.283273,28.558973]]]}},{"type":"Feature","properties":{"confidence":0.964},"geometry":{"type":"Polygon","coordinates":[[[77.28617,28.564876],[77.286204,28.564928],[77.286157,28.564951],[77.286124,28.5649],[77.28617,28.564876]]]}},{"type":"Feature","properties":{"confidence":0.932},"geometry":{"type":"Polygon","coordinates":[[[77.27825,28.559569],[77.278252,28.559522],[77.278319,28.559525],[77.278309,28.559685],[77.278229,28.559681],[77.278232,28.559636],[77.278169,28.559633],[77.278173,28.559565],[77.27825,28.559569]]]}},{"type":"Feature","properties":{"confidence":0.932},"geometry":{"type":"Polygon","coordinates":[[[77.27833,28.568593],[77.278265,28.568657],[77.278168,28.56858],[77.278233,28.568517],[77.27833,28.568593]]]}},{"type":"Feature","properties":{"confidence":0.95},"geometry":{"type":"Polygon","coordinates":[[[77.279912,28.567534],[77.27999,28.5675],[77.279965,28.567454],[77.280075,28.567407],[77.28019,28.567612],[77.280001,28.567693],[77.279912,28.567534]]]}},{"type":"Feature","properties":{"confidence":0.971},"geometry":{"type":"Polygon","coordinates":[[[77.280878,28.5672],[77.281101,28.567747],[77.280944,28.567796],[77.280963,28.567844],[77.281109,28.567798],[77.281106,28.56783],[77.281163,28.567834],[77.281221,28.567977],[77.281088,28.568019],[77.281082,28.568005],[77.281032,28.56802],[77.280998,28.567936],[77.280964,28.567934],[77.280968,28.567883],[77.280785,28.56794],[77.280731,28.567806],[77.280883,28.567759],[77.280898,28.567796],[77.280917,28.567797],[77.280786,28.567475],[77.280775,28.567474],[77.280761,28.567439],[77.280594,28.567491],[77.280542,28.567364],[77.28055,28.567271],[77.280633,28.567277],[77.280878,28.5672]]]}},{"type":"Feature","properties":{"confidence":0.911},"geometry":{"type":"Polygon","coordinates":[[[77.284596,28.560257],[77.284623,28.560213],[77.284696,28.560247],[77.284669,28.560292],[77.284596,28.560257]]]}},{"type":"Feature","properties":{"confidence":0.997},"geometry":{"type":"Polygon","coordinates":[[[77.288419,28.563555],[77.288493,28.563582],[77.288459,28.563654],[77.288385,28.563628],[77.288419,28.563555]]]}},{"type":"Feature","properties":{"confidence":0.987},"geometry":{"type":"Polygon","coordinates":[[[77.27626,28.565938],[77.276261,28.565848],[77.276495,28.565851],[77.276493,28.56594],[77.27626,28.565938]]]}},{"type":"Feature","properties":{"confidence":0.984},"geometry":{"type":"Polygon","coordinates":[[[77.277282,28.559237],[77.277241,28.559318],[77.277098,28.559262],[77.277138,28.559181],[77.277282,28.559237]]]}},{"type":"Feature","properties":{"confidence":0.974},"geometry":{"type":"Polygon","coordinates":[[[77.281191,28.56272],[77.280968,28.562721],[77.280968,28.562718],[77.280629,28.56272],[77.280627,28.562402],[77.281194,28.562399],[77.281195,28.562533],[77.281131,28.562534],[77.281131,28.562587],[77.28119,28.562587],[77.281191,28.56272]]]}},{"type":"Feature","properties":{"confidence":0.935},"geometry":{"type":"Polygon","coordinates":[[[77.285495,28.562416],[77.285549,28.562454],[77.285529,28.562477],[77.285474,28.562439],[77.285495,28.562416]]]}},{"type":"Feature","properties":{"confidence":0.931},"geometry":{"type":"Polygon","coordinates":[[[77.288278,28.562432],[77.288336,28.562433],[77.288333,28.562529],[77.288276,28.562528],[77.288278,28.562432]]]}},{"type":"Feature","properties":{"confidence":0.973},"geometry":{"type":"Polygon","coordinates":[[[77.278581,28.568159],[77.278557,28.568193],[77.278509,28.568167],[77.278533,28.568132],[77.278581,28.568159]]]}},{"type":"Feature","properties":{"confidence":0.952},"geometry":{"type":"Polygon","coordinates":[[[77.279729,28.565891],[77.279691,28.565914],[77.279656,28.565869],[77.279694,28.565846],[77.279729,28.565891]]]}},{"type":"Feature","properties":{"confidence":0.978},"geometry":{"type":"Polygon","coordinates":[[[77.280835,28.559522],[77.280834,28.559557],[77.280735,28.559554],[77.280736,28.559519],[77.280835,28.559522]]]}},{"type":"Feature","properties":{"confidence":0.937},"geometry":{"type":"Polygon","coordinates":[[[77.281895,28.567472],[77.282024,28.567808],[77.281887,28.567849],[77.281846,28.567741],[77.281858,28.567737],[77.28177,28.567509],[77.281895,28.567472]]]}},{"type":"Feature","properties":{"confidence":0.956},"geometry":{"type":"Polygon","coordinates":[[[77.276674,28.566996],[77.276692,28.566953],[77.276777,28.566981],[77.276759,28.567024],[77.276674,28.566996]]]}},{"type":"Feature","properties":{"confidence":0.972},"geometry":{"type":"Polygon","coordinates":[[[77.277897,28.567966],[77.27794,28.567888],[77.278022,28.567924],[77.278035,28.567902],[77.278079,28.567921],[77.278098,28.567887],[77.27819,28.567927],[77.278114,28.568061],[77.277897,28.567966]]]}},{"type":"Feature","properties":{"confidence":0.962},"geometry":{"type":"Polygon","coordinates":[[[77.284375,28.564994],[77.285086,28.564498],[77.285266,28.564509],[77.285307,28.564619],[77.285486,28.564494],[77.285545,28.564559],[77.285492,28.564596],[77.285506,28.564636],[77.28558,28.564614],[77.285585,28.564555],[77.285633,28.564609],[77.285738,28.564579],[77.285877,28.564733],[77.285957,28.564677],[77.286046,28.564682],[77.286069,28.564745],[77.286066,28.56478],[77.285894,28.56483],[77.28588,28.564793],[77.285569,28.564883],[77.285537,28.564848],[77.285485,28.564884],[77.28551,28.564952],[77.285351,28.564998],[77.285224,28.56499],[77.285221,28.565028],[77.285219,28.565028],[77.284845,28.565135],[77.284834,28.565269],[77.284818,28.565226],[77.284708,28.565219],[77.284483,28.565284],[77.284375,28.564994]]]}},{"type":"Feature","properties":{"confidence":0.952},"geometry":{"type":"Polygon","coordinates":[[[77.282497,28.566887],[77.282411,28.566915],[77.282433,28.566916],[77.282001,28.567054],[77.282008,28.567071],[77.281863,28.567117],[77.281845,28.567074],[77.281841,28.567132],[77.281803,28.567144],[77.281745,28.567004],[77.281473,28.567091],[77.281421,28.566967],[77.281547,28.566927],[77.281544,28.56692],[77.281776,28.566846],[77.281822,28.566958],[77.281861,28.56696],[77.281837,28.566904],[77.281844,28.566807],[77.282103,28.566725],[77.282143,28.566727],[77.282292,28.56668],[77.282325,28.56676],[77.282244,28.566785],[77.282348,28.566791],[77.282286,28.566641],[77.282383,28.56661],[77.282497,28.566887]]]}},{"type":"Feature","properties":{"confidence":0.932},"geometry":{"type":"Polygon","coordinates":[[[77.278391,28.565766],[77.278483,28.565695],[77.278501,28.565713],[77.278614,28.565626],[77.278697,28.565708],[77.278602,28.565782],[77.278598,28.565778],[77.278488,28.565863],[77.278391,28.565766]]]}},{"type":"Feature","properties":{"confidence":0.856},"geometry":{"type":"Polygon","coordinates":[[[77.285304,28.56512],[77.285501,28.56503],[77.28563,28.565248],[77.285433,28.565338],[77.285304,28.56512]]]}},{"type":"Feature","properties":{"confidence":0.927},"geometry":{"type":"Polygon","coordinates":[[[77.285459,28.563133],[77.285489,28.563142],[77.28548,28.563167],[77.28545,28.563159],[77.285459,28.563133]]]}},{"type":"Feature","properties":{"confidence":0.965},"geometry":{"type":"Polygon","coordinates":[[[77.279018,28.568355],[77.279115,28.568458],[77.279011,28.568534],[77.27904,28.568565],[77.27898,28.568609],[77.27894,28.568567],[77.278884,28.568608],[77.278854,28.568577],[77.278818,28.568603],[77.27876,28.568543],[77.279018,28.568355]]]}},{"type":"Feature","properties":{"confidence":0.969},"geometry":{"type":"Polygon","coordinates":[[[77.280876,28.560375],[77.281086,28.560359],[77.281092,28.560428],[77.281074,28.56043],[77.281082,28.560517],[77.28073,28.560543],[77.280729,28.560529],[77.280603,28.560539],[77.280599,28.560505],[77.280551,28.560509],[77.280542,28.560407],[77.280676,28.560397],[77.280663,28.560265],[77.280701,28.560262],[77.280695,28.5602],[77.280846,28.560188],[77.280855,28.560279],[77.280867,28.560278],[77.280876,28.560375]]]}},{"type":"Feature","properties":{"confidence":0.968},"geometry":{"type":"Polygon","coordinates":[[[77.28492,28.567812],[77.285018,28.567789],[77.285043,28.567873],[77.285003,28.567882],[77.285024,28.56795],[77.284853,28.56799],[77.284807,28.567837],[77.284867,28.567823],[77.284884,28.567879],[77.284937,28.567867],[77.28492,28.567812]]]}},{"type":"Feature","properties":{"confidence":0.998},"geometry":{"type":"Polygon","coordinates":[[[77.288038,28.56825],[77.288043,28.568294],[77.287965,28.568301],[77.28796,28.568257],[77.288038,28.56825]]]}},{"type":"Feature","properties":{"confidence":0.948},"geometry":{"type":"Polygon","coordinates":[[[77.278414,28.568308],[77.278189,28.568207],[77.278045,28.568456],[77.277867,28.568376],[77.277934,28.568261],[77.277804,28.568202],[77.277907,28.568026],[77.278032,28.568082],[77.27802,28.568103],[77.278145,28.568159],[77.278174,28.568108],[77.278137,28.568092],[77.278189,28.568003],[77.278508,28.568146],[77.278414,28.568308]]]}},{"type":"Feature","properties":{"confidence":0.962},"geometry":{"type":"Polygon","coordinates":[[[77.282311,28.565844],[77.282576,28.565783],[77.282619,28.565928],[77.282353,28.565988],[77.282311,28.565844]]]}},{"type":"Feature","properties":{"confidence":0.968},"geometry":{"type":"Polygon","coordinates":[[[77.283321,28.562812],[77.283316,28.562894],[77.283211,28.56289],[77.283215,28.562807],[77.283321,28.562812]]]}},{"type":"Feature","properties":{"confidence":0.961},"geometry":{"type":"Polygon","coordinates":[[[77.287912,28.568511],[77.287854,28.568523],[77.287859,28.56854],[77.287668,28.56858],[77.287635,28.56846],[77.287674,28.568452],[77.287632,28.568297],[77.287841,28.568253],[77.287912,28.568511]]]}},{"type":"Feature","properties":{"confidence":0.971},"geometry":{"type":"Polygon","coordinates":[[[77.288275,28.56063],[77.288299,28.560662],[77.288264,28.560682],[77.288241,28.56065],[77.288275,28.56063]]]}},{"type":"Feature","properties":{"confidence":0.959},"geometry":{"type":"Polygon","coordinates":[[[77.276309,28.567668],[77.276215,28.567789],[77.275974,28.567645],[77.276033,28.567568],[77.276077,28.567595],[77.276111,28.567551],[77.276309,28.567668]]]}},{"type":"Feature","properties":{"confidence":0.973},"geometry":{"type":"Polygon","coordinates":[[[77.279204,28.5663],[77.279067,28.566362],[77.279004,28.566255],[77.279141,28.566193],[77.279204,28.5663]]]}},{"type":"Feature","properties":{"confidence":0.947},"geometry":{"type":"Polygon","coordinates":[[[77.278058,28.567362],[77.278146,28.567252],[77.2783,28.567271],[77.278117,28.567158],[77.278114,28.567177],[77.278069,28.567233],[77.277999,28.56719],[77.278043,28.567135],[77.277833,28.567006],[77.277828,28.567037],[77.277666,28.567241],[77.277743,28.56677],[77.277801,28.566696],[77.27841,28.56707],[77.278385,28.567224],[77.278513,28.567302],[77.278514,28.567296],[77.278663,28.567314],[77.278724,28.567352],[77.278706,28.567461],[77.278703,28.567459],[77.278609,28.567576],[77.2786,28.567635],[77.278586,28.567652],[77.27852,28.567644],[77.278503,28.567749],[77.278301,28.567625],[77.278318,28.567522],[77.278058,28.567362]]]}},{"type":"Feature","properties":{"confidence":0.984},"geometry":{"type":"Polygon","coordinates":[[[77.278495,28.565876],[77.278594,28.565785],[77.278838,28.56599],[77.278738,28.566081],[77.278495,28.565876]]]}},{"type":"Feature","properties":{"confidence":0.975},"geometry":{"type":"Polygon","coordinates":[[[77.280206,28.56857],[77.280028,28.568686],[77.279885,28.568517],[77.280064,28.568401],[77.280206,28.56857]]]}},{"type":"Feature","properties":{"confidence":0.994},"geometry":{"type":"Polygon","coordinates":[[[77.282543,28.559799],[77.282579,28.559716],[77.282684,28.559751],[77.282648,28.559834],[77.282543,28.559799]]]}},{"type":"Feature","properties":{"confidence":0.951},"geometry":{"type":"Polygon","coordinates":[[[77.278062,28.568526],[77.278099,28.568398],[77.27822,28.568425],[77.278183,28.568553],[77.278062,28.568526]]]}},{"type":"Feature","properties":{"confidence":0.978},"geometry":{"type":"Polygon","coordinates":[[[77.288208,28.560705],[77.288222,28.560719],[77.288262,28.560686],[77.288324,28.560746],[77.288183,28.560859],[77.288106,28.560786],[77.288208,28.560705]]]}},{"type":"Feature","properties":{"confidence":0.904},"geometry":{"type":"Polygon","coordinates":[[[77.275938,28.557687],[77.276112,28.557781],[77.276124,28.557765],[77.27645,28.55794],[77.27638,28.558039],[77.276466,28.558085],[77.276427,28.558142],[77.276455,28.558157],[77.2764,28.558237],[77.276409,28.558242],[77.276234,28.558494],[77.275984,28.55836],[77.275989,28.558352],[77.27589,28.558299],[77.275933,28.558236],[77.275721,28.558122],[77.275871,28.557906],[77.275809,28.557872],[77.275938,28.557687]]]}},{"type":"Feature","properties":{"confidence":0.984},"geometry":{"type":"Polygon","coordinates":[[[77.276874,28.557426],[77.276773,28.55756],[77.276678,28.557504],[77.27663,28.557568],[77.276654,28.557582],[77.276664,28.557569],[77.276719,28.557602],[77.276664,28.557675],[77.276469,28.557561],[77.276566,28.557432],[77.276615,28.55746],[77.276667,28.557391],[77.276628,28.557368],[77.276674,28.557309],[77.276874,28.557426]]]}},{"type":"Feature","properties":{"confidence":0.94},"geometry":{"type":"Polygon","coordinates":[[[77.282672,28.559879],[77.282722,28.55989],[77.282696,28.559982],[77.282646,28.559971],[77.282672,28.559879]]]}},{"type":"Feature","properties":{"confidence":0.898},"geometry":{"type":"Polygon","coordinates":[[[77.283146,28.561025],[77.283075,28.561011],[77.283083,28.56098],[77.283154,28.560994],[77.283146,28.561025]]]}},{"type":"Feature","properties":{"confidence":0.982},"geometry":{"type":"Polygon","coordinates":[[[77.27624,28.561588],[77.276235,28.561688],[77.276223,28.561687],[77.276206,28.562004],[77.276011,28.561996],[77.276015,28.561918],[77.276047,28.56192],[77.276056,28.561753],[77.27597,28.561749],[77.275972,28.561709],[77.275807,28.561703],[77.275808,28.561691],[77.275787,28.56169],[77.275793,28.561561],[77.275999,28.561569],[77.275999,28.561579],[77.27624,28.561588]]]}},{"type":"Feature","properties":{"confidence":0.971},"geometry":{"type":"Polygon","coordinates":[[[77.279399,28.568077],[77.279352,28.568121],[77.279277,28.56806],[77.279324,28.568016],[77.279399,28.568077]]]}},{"type":"Feature","properties":{"confidence":0.866},"geometry":{"type":"Polygon","coordinates":[[[77.28056,28.561708],[77.280561,28.561849],[77.280466,28.56185],[77.280466,28.561986],[77.280405,28.561987],[77.280405,28.562008],[77.280288,28.562008],[77.280288,28.561988],[77.280214,28.561989],[77.280214,28.561865],[77.28016,28.561865],[77.280159,28.561724],[77.280269,28.561723],[77.280269,28.561673],[77.280412,28.561672],[77.280413,28.561709],[77.28056,28.561708]]]}},{"type":"Feature","properties":{"confidence":0.988},"geometry":{"type":"Polygon","coordinates":[[[77.285308,28.563049],[77.285336,28.562998],[77.285476,28.563059],[77.285448,28.56311],[77.285308,28.563049]]]}},{"type":"Feature","properties":{"confidence":0.93},"geometry":{"type":"Polygon","coordinates":[[[77.276722,28.561502],[77.276713,28.56165],[77.276588,28.561644],[77.276596,28.561496],[77.276722,28.561502]]]}},{"type":"Feature","properties":{"confidence":0.966},"geometry":{"type":"Polygon","coordinates":[[[77.279736,28.56763],[77.279788,28.567704],[77.279619,28.567796],[77.279566,28.567722],[77.279736,28.56763]]]}},{"type":"Feature","properties":{"confidence":0.961},"geometry":{"type":"Polygon","coordinates":[[[77.285439,28.563757],[77.28537,28.563735],[77.285456,28.563525],[77.285525,28.563547],[77.285439,28.563757]]]}},{"type":"Feature","properties":{"confidence":0.981},"geometry":{"type":"Polygon","coordinates":[[[77.278252,28.563717],[77.278251,28.56364],[77.278441,28.563637],[77.278443,28.563715],[77.278252,28.563717]]]}},{"type":"Feature","properties":{"confidence":0.961},"geometry":{"type":"Polygon","coordinates":[[[77.285056,28.564408],[77.285162,28.564264],[77.285327,28.564359],[77.285373,28.564297],[77.285323,28.564269],[77.285373,28.564203],[77.285457,28.564217],[77.28572,28.563862],[77.285705,28.563929],[77.285785,28.563943],[77.285786,28.563935],[77.285919,28.563756],[77.286046,28.563779],[77.286064,28.563788],[77.286046,28.563866],[77.286134,28.563916],[77.286128,28.563943],[77.28616,28.563961],[77.286082,28.564067],[77.286014,28.564056],[77.286002,28.564072],[77.285913,28.564021],[77.285774,28.563997],[77.285734,28.564051],[77.285684,28.564043],[77.285669,28.564111],[77.285591,28.564097],[77.285555,28.564257],[77.285329,28.564563],[77.285056,28.564408]]]}},{"type":"Feature","properties":{"confidence":0.998},"geometry":{"type":"Polygon","coordinates":[[[77.286754,28.563256],[77.286834,28.563191],[77.286952,28.563304],[77.286871,28.563369],[77.286754,28.563256]]]}},{"type":"Feature","properties":{"confidence":0.977},"geometry":{"type":"Polygon","coordinates":[[[77.280283,28.561317],[77.280286,28.561553],[77.280005,28.561556],[77.280004,28.561499],[77.279777,28.561502],[77.279778,28.561531],[77.279694,28.561532],[77.279693,28.561453],[77.279554,28.561454],[77.279553,28.561384],[77.279655,28.561383],[77.279653,28.561231],[77.279822,28.561229],[77.279824,28.561408],[77.280015,28.561406],[77.280014,28.561376],[77.280065,28.561375],[77.280065,28.561319],[77.280283,28.561317]]]}},{"type":"Feature","properties":{"confidence":0.916},"geometry":{"type":"Polygon","coordinates":[[[77.283494,28.568135],[77.283523,28.568254],[77.2834,28.568277],[77.283365,28.568133],[77.283514,28.568105],[77.28352,28.56813],[77.283494,28.568135]]]}},{"type":"Feature","properties":{"confidence":0.942},"geometry":{"type":"Polygon","coordinates":[[[77.281408,28.568325],[77.281248,28.568385],[77.281094,28.568067],[77.281139,28.56805],[77.281128,28.568027],[77.281245,28.567983],[77.281272,28.56804],[77.281278,28.568038],[77.281355,28.568196],[77.281347,28.568199],[77.281408,28.568325]]]}},{"type":"Feature","properties":{"confidence":0.995},"geometry":{"type":"Polygon","coordinates":[[[77.27668,28.564733],[77.277466,28.564729],[77.277469,28.565223],[77.276684,28.565228],[77.27668,28.564733]]]}},{"type":"Feature","properties":{"confidence":0.915},"geometry":{"type":"Polygon","coordinates":[[[77.277669,28.559564],[77.277646,28.559614],[77.27741,28.55953],[77.277414,28.559521],[77.277375,28.559507],[77.277395,28.559465],[77.277669,28.559564]]]}},{"type":"Feature","properties":{"confidence":0.983},"geometry":{"type":"Polygon","coordinates":[[[77.278247,28.567537],[77.278308,28.567558],[77.278262,28.56766],[77.278085,28.567599],[77.278149,28.567457],[77.278265,28.567497],[77.278247,28.567537]]]}},{"type":"Feature","properties":{"confidence":0.943},"geometry":{"type":"Polygon","coordinates":[[[77.281116,28.568807],[77.281036,28.568732],[77.281081,28.568817],[77.280986,28.568856],[77.28065,28.568537],[77.28078,28.568484],[77.280901,28.568598],[77.280798,28.568405],[77.2807,28.568313],[77.280777,28.568458],[77.280652,28.568509],[77.280449,28.568128],[77.280618,28.568059],[77.280491,28.567822],[77.280664,28.567751],[77.280995,28.568372],[77.280877,28.56842],[77.280907,28.568476],[77.280935,28.568464],[77.281632,28.569125],[77.281625,28.56913],[77.281495,28.569184],[77.281409,28.569101],[77.281303,28.569187],[77.281252,28.569208],[77.281186,28.569082],[77.28134,28.569019],[77.281285,28.568966],[77.281099,28.569043],[77.281016,28.568888],[77.281116,28.568807]]]}},{"type":"Feature","properties":{"confidence":0.966},"geometry":{"type":"Polygon","coordinates":[[[77.287295,28.560236],[77.287449,28.560204],[77.287488,28.560347],[77.287334,28.560379],[77.287295,28.560236]]]}},{"type":"Feature","properties":{"confidence":0.958},"geometry":{"type":"Polygon","coordinates":[[[77.282377,28.563847],[77.282432,28.563839],[77.282445,28.563907],[77.282331,28.563923],[77.282324,28.563888],[77.282383,28.563879],[77.282377,28.563847]]]}},{"type":"Feature","properties":{"confidence":0.947},"geometry":{"type":"Polygon","coordinates":[[[77.282767,28.563714],[77.282446,28.563863],[77.282436,28.563845],[77.282129,28.563988],[77.282123,28.563977],[77.282071,28.564001],[77.281985,28.563858],[77.281991,28.563856],[77.281913,28.563727],[77.281894,28.564104],[77.281978,28.564244],[77.28222,28.564253],[77.282212,28.564415],[77.281883,28.564403],[77.28173,28.564149],[77.281545,28.564142],[77.281551,28.564011],[77.281765,28.56402],[77.281782,28.563688],[77.281935,28.563617],[77.281983,28.563696],[77.281986,28.563626],[77.282012,28.563614],[77.282,28.563594],[77.282446,28.563387],[77.282552,28.563564],[77.282477,28.563599],[77.282703,28.563608],[77.282767,28.563714]]]}},{"type":"Feature","properties":{"confidence":0.939},"geometry":{"type":"Polygon","coordinates":[[[77.284694,28.565982],[77.284878,28.566257],[77.284748,28.566325],[77.284748,28.566325],[77.284642,28.566379],[77.284466,28.566117],[77.284494,28.566102],[77.284489,28.566095],[77.284558,28.56606],[77.284577,28.566088],[77.284647,28.566051],[77.284625,28.566018],[77.284694,28.565982]]]}},{"type":"Feature","properties":{"confidence":1},"geometry":{"type":"Polygon","coordinates":[[[77.287264,28.568152],[77.287291,28.568141],[77.287311,28.568181],[77.287285,28.568191],[77.287264,28.568152]]]}},{"type":"Feature","properties":{"confidence":0.991},"geometry":{"type":"Polygon","coordinates":[[[77.284859,28.568557],[77.284904,28.568647],[77.284809,28.568684],[77.284764,28.568594],[77.284859,28.568557]]]}},{"type":"Feature","properties":{"confidence":0.985},"geometry":{"type":"Polygon","coordinates":[[[77.278848,28.568583],[77.278987,28.568699],[77.278942,28.568741],[77.278803,28.568625],[77.278848,28.568583]]]}},{"type":"Feature","properties":{"confidence":0.987},"geometry":{"type":"Polygon","coordinates":[[[77.279483,28.568167],[77.279412,28.568225],[77.279363,28.568179],[77.279435,28.568121],[77.279483,28.568167]]]}},{"type":"Feature","properties":{"confidence":0.898},"geometry":{"type":"Polygon","coordinates":[[[77.28651,28.562778],[77.286534,28.562687],[77.286791,28.56274],[77.286774,28.562801],[77.286742,28.562794],[77.286734,28.562825],[77.28651,28.562778]]]}},{"type":"Feature","properties":{"confidence":0.97},"geometry":{"type":"Polygon","coordinates":[[[77.282192,28.566036],[77.282146,28.565924],[77.282305,28.565874],[77.28235,28.565983],[77.282282,28.566004],[77.282294,28.566035],[77.282247,28.56605],[77.282235,28.566022],[77.282192,28.566036]]]}},{"type":"Feature","properties":{"confidence":0.947},"geometry":{"type":"Polygon","coordinates":[[[77.28262,28.568454],[77.282522,28.568473],[77.282512,28.568432],[77.282457,28.568363],[77.282378,28.568378],[77.282343,28.568236],[77.282189,28.568044],[77.282218,28.568026],[77.282187,28.567901],[77.282213,28.567885],[77.282184,28.56785],[77.282118,28.567862],[77.282105,28.567807],[77.282379,28.567755],[77.282408,28.567873],[77.282316,28.56793],[77.282448,28.567905],[77.282468,28.567986],[77.282454,28.567989],[77.282402,28.568021],[77.282422,28.568045],[77.282552,28.568021],[77.282643,28.568386],[77.282661,28.568382],[77.28261,28.568414],[77.28262,28.568454]]]}},{"type":"Feature","properties":{"confidence":0.99},"geometry":{"type":"Polygon","coordinates":[[[77.278257,28.562986],[77.278416,28.56288],[77.278442,28.56291],[77.278487,28.562929],[77.278478,28.562945],[77.27852,28.562962],[77.278513,28.562973],[77.27856,28.562993],[77.278594,28.563032],[77.278575,28.563066],[77.278618,28.563084],[77.278641,28.563041],[77.27868,28.563087],[77.278742,28.563113],[77.278721,28.563152],[77.278795,28.563183],[77.278766,28.563236],[77.278759,28.56324],[77.278714,28.563323],[77.278454,28.563212],[77.278257,28.562986]]]}},{"type":"Feature","properties":{"confidence":0.953},"geometry":{"type":"Polygon","coordinates":[[[77.278843,28.568752],[77.278781,28.568803],[77.278777,28.568799],[77.278555,28.568978],[77.278476,28.568902],[77.27854,28.568851],[77.278473,28.568787],[77.278422,28.568827],[77.278398,28.568803],[77.278492,28.568727],[77.278494,28.56873],[77.27861,28.568636],[77.278634,28.56866],[77.27868,28.568623],[77.278664,28.568607],[77.27868,28.568595],[77.278843,28.568752]]]}},{"type":"Feature","properties":{"confidence":0.875},"geometry":{"type":"Polygon","coordinates":[[[77.279168,28.565254],[77.279117,28.565314],[77.278914,28.565183],[77.278965,28.565122],[77.279168,28.565254]]]}},{"type":"Feature","properties":{"confidence":0.906},"geometry":{"type":"Polygon","coordinates":[[[77.281746,28.567716],[77.281757,28.567754],[77.281799,28.567744],[77.281836,28.567873],[77.281783,28.567885],[77.281789,28.567904],[77.281716,28.567921],[77.281663,28.567735],[77.281746,28.567716]]]}},{"type":"Feature","properties":{"confidence":0.919},"geometry":{"type":"Polygon","coordinates":[[[77.284485,28.563932],[77.284473,28.56398],[77.284432,28.563972],[77.284444,28.563924],[77.284485,28.563932]]]}},{"type":"Feature","properties":{"confidence":0.992},"geometry":{"type":"Polygon","coordinates":[[[77.287801,28.567601],[77.287997,28.567561],[77.288015,28.567631],[77.287819,28.567671],[77.287801,28.567601]]]}},{"type":"Feature","properties":{"confidence":0.92},"geometry":{"type":"Polygon","coordinates":[[[77.283138,28.55991],[77.283113,28.559971],[77.282946,28.559918],[77.282971,28.559857],[77.283138,28.55991]]]}},{"type":"Feature","properties":{"confidence":0.923},"geometry":{"type":"Polygon","coordinates":[[[77.288226,28.565567],[77.288247,28.565492],[77.288336,28.565512],[77.288314,28.565587],[77.288226,28.565567]]]}},{"type":"Feature","properties":{"confidence":0.96},"geometry":{"type":"Polygon","coordinates":[[[77.288457,28.560109],[77.288501,28.560068],[77.288548,28.560107],[77.288504,28.560148],[77.288457,28.560109]]]}},{"type":"Feature","properties":{"confidence":0.952},"geometry":{"type":"Polygon","coordinates":[[[77.279712,28.567764],[77.279662,28.567802],[77.279649,28.567789],[77.279699,28.56775],[77.279712,28.567764]]]}},{"type":"Feature","properties":{"confidence":0.974},"geometry":{"type":"Polygon","coordinates":[[[77.281263,28.56682],[77.281203,28.566842],[77.281154,28.566736],[77.281213,28.566715],[77.281263,28.56682]]]}},{"type":"Feature","properties":{"confidence":0.967},"geometry":{"type":"Polygon","coordinates":[[[77.284989,28.568048],[77.284972,28.567959],[77.285079,28.567943],[77.285096,28.568033],[77.284989,28.568048]]]}},{"type":"Feature","properties":{"confidence":0.993},"geometry":{"type":"Polygon","coordinates":[[[77.27677,28.557563],[77.276737,28.557606],[77.276651,28.557555],[77.276684,28.557512],[77.27677,28.557563]]]}},{"type":"Feature","properties":{"confidence":0.937},"geometry":{"type":"Polygon","coordinates":[[[77.285241,28.569221],[77.285319,28.569133],[77.285253,28.569144],[77.284938,28.568614],[77.28513,28.568581],[77.285175,28.568655],[77.285234,28.568588],[77.285219,28.568521],[77.285318,28.568504],[77.285403,28.568647],[77.285246,28.568718],[77.285337,28.56913],[77.285434,28.56902],[77.285585,28.568994],[77.285603,28.569075],[77.285613,28.569073],[77.285736,28.569281],[77.285743,28.569278],[77.285748,28.569301],[77.285758,28.569317],[77.285751,28.569312],[77.285805,28.56956],[77.285514,28.569693],[77.285432,28.569554],[77.285545,28.569503],[77.285427,28.569523],[77.285348,28.56939],[77.285426,28.569355],[77.285398,28.56923],[77.28555,28.569204],[77.285542,28.56917],[77.285241,28.569221]]]}},{"type":"Feature","properties":{"confidence":0.961},"geometry":{"type":"Polygon","coordinates":[[[77.286905,28.557821],[77.286854,28.55783],[77.286843,28.557777],[77.286894,28.557769],[77.286905,28.557821]]]}},{"type":"Feature","properties":{"confidence":0.994},"geometry":{"type":"Polygon","coordinates":[[[77.281877,28.567848],[77.281841,28.567854],[77.281824,28.567771],[77.28186,28.567766],[77.281877,28.567848]]]}},{"type":"Feature","properties":{"confidence":0.995},"geometry":{"type":"Polygon","coordinates":[[[77.286063,28.568206],[77.285814,28.568297],[77.285732,28.568126],[77.285822,28.568093],[77.285837,28.568123],[77.285977,28.568071],[77.285998,28.568114],[77.286016,28.568108],[77.286063,28.568206]]]}},{"type":"Feature","properties":{"confidence":0.928},"geometry":{"type":"Polygon","coordinates":[[[77.281583,28.565224],[77.281343,28.565228],[77.281343,28.565239],[77.281301,28.56524],[77.2813,28.565178],[77.281581,28.565173],[77.281583,28.565224]]]}},{"type":"Feature","properties":{"confidence":0.945},"geometry":{"type":"Polygon","coordinates":[[[77.282153,28.568653],[77.28246,28.568548],[77.282545,28.56874],[77.28241,28.568787],[77.282371,28.568699],[77.282199,28.568757],[77.282153,28.568653]]]}},{"type":"Feature","properties":{"confidence":0.984},"geometry":{"type":"Polygon","coordinates":[[[77.287703,28.568593],[77.287961,28.568536],[77.288004,28.568685],[77.287874,28.568713],[77.287867,28.56869],[77.287739,28.568719],[77.287703,28.568593]]]}},{"type":"Feature","properties":{"confidence":0.887},"geometry":{"type":"Polygon","coordinates":[[[77.277739,28.567897],[77.277835,28.567771],[77.277966,28.567848],[77.277871,28.567974],[77.277739,28.567897]]]}},{"type":"Feature","properties":{"confidence":0.957},"geometry":{"type":"Polygon","coordinates":[[[77.280375,28.566177],[77.280488,28.566132],[77.28058,28.566313],[77.280468,28.566357],[77.280422,28.566266],[77.280297,28.566316],[77.280159,28.566045],[77.280282,28.565997],[77.280375,28.566177]]]}},{"type":"Feature","properties":{"confidence":0.95},"geometry":{"type":"Polygon","coordinates":[[[77.281924,28.567454],[77.282197,28.567372],[77.282196,28.567368],[77.282391,28.567309],[77.282286,28.567315],[77.282176,28.56703],[77.282278,28.566999],[77.282484,28.56753],[77.282478,28.567449],[77.282504,28.567518],[77.282505,28.567535],[77.282524,28.567583],[77.282571,28.56758],[77.282593,28.567637],[77.282594,28.567649],[77.282546,28.567663],[77.282535,28.567634],[77.282166,28.567744],[77.2821,28.567575],[77.282057,28.567588],[77.282074,28.567634],[77.282101,28.567632],[77.282099,28.567615],[77.282125,28.56768],[77.282131,28.567764],[77.282053,28.567787],[77.281924,28.567454]]]}},{"type":"Feature","properties":{"confidence":0.986},"geometry":{"type":"Polygon","coordinates":[[[77.284168,28.566521],[77.284213,28.566491],[77.284282,28.566569],[77.284185,28.566634],[77.284111,28.566549],[77.284088,28.566565],[77.284037,28.566507],[77.284113,28.566457],[77.284168,28.566521]]]}},{"type":"Feature","properties":{"confidence":0.977},"geometry":{"type":"Polygon","coordinates":[[[77.28162,28.566719],[77.281705,28.566694],[77.281747,28.566804],[77.281661,28.566829],[77.28162,28.566719]]]}},{"type":"Feature","properties":{"confidence":0.949},"geometry":{"type":"Polygon","coordinates":[[[77.287929,28.560976],[77.287975,28.561],[77.287992,28.560976],[77.288059,28.561011],[77.288003,28.561093],[77.288085,28.561135],[77.288025,28.561223],[77.287831,28.561121],[77.287929,28.560976]]]}},{"type":"Feature","properties":{"confidence":0.986},"geometry":{"type":"Polygon","coordinates":[[[77.277302,28.563192],[77.277261,28.563134],[77.277261,28.563111],[77.277229,28.563065],[77.277229,28.563038],[77.277274,28.563014],[77.277322,28.563013],[77.277325,28.563018],[77.277429,28.563016],[77.277436,28.563027],[77.277537,28.563025],[77.277555,28.563052],[77.277611,28.563052],[77.277641,28.563036],[77.277733,28.563034],[77.277827,28.563169],[77.2778,28.563183],[77.277751,28.563184],[77.277733,28.563194],[77.277676,28.563194],[77.277668,28.563184],[77.277359,28.563188],[77.277352,28.563192],[77.277302,28.563192]]]}},{"type":"Feature","properties":{"confidence":0.987},"geometry":{"type":"Polygon","coordinates":[[[77.277363,28.566303],[77.27736,28.566369],[77.277302,28.566367],[77.277304,28.566301],[77.277363,28.566303]]]}},{"type":"Feature","properties":{"confidence":0.924},"geometry":{"type":"Polygon","coordinates":[[[77.283584,28.565742],[77.283781,28.565667],[77.283802,28.565711],[77.283818,28.565705],[77.283867,28.565804],[77.28379,28.565833],[77.283801,28.565857],[77.283727,28.565885],[77.283701,28.565834],[77.28364,28.565857],[77.283584,28.565742]]]}},{"type":"Feature","properties":{"confidence":0.991},"geometry":{"type":"Polygon","coordinates":[[[77.276248,28.567317],[77.276304,28.567236],[77.27633,28.56725],[77.276425,28.567113],[77.276571,28.567192],[77.276564,28.567202],[77.276638,28.567242],[77.27654,28.567383],[77.276551,28.56739],[77.276505,28.567455],[77.276248,28.567317]]]}},{"type":"Feature","properties":{"confidence":0.9},"geometry":{"type":"Polygon","coordinates":[[[77.280137,28.561248],[77.28015,28.561298],[77.28011,28.561306],[77.280097,28.561256],[77.280137,28.561248]]]}},{"type":"Feature","properties":{"confidence":0.958},"geometry":{"type":"Polygon","coordinates":[[[77.280426,28.560969],[77.280426,28.561014],[77.280453,28.561014],[77.280453,28.561073],[77.27925,28.561078],[77.279251,28.561181],[77.279187,28.561181],[77.279186,28.561096],[77.278774,28.561098],[77.278774,28.560975],[77.280426,28.560969]]]}},{"type":"Feature","properties":{"confidence":0.957},"geometry":{"type":"Polygon","coordinates":[[[77.285754,28.56458],[77.286036,28.564446],[77.286042,28.564433],[77.286117,28.564397],[77.286181,28.564418],[77.286192,28.564391],[77.286186,28.564387],[77.286095,28.564357],[77.286088,28.564352],[77.286181,28.564251],[77.286202,28.564266],[77.286173,28.564335],[77.286218,28.56435],[77.286203,28.564385],[77.286225,28.564392],[77.286245,28.564425],[77.286194,28.564449],[77.28616,28.564529],[77.28643,28.564968],[77.286281,28.565039],[77.286083,28.564718],[77.286136,28.564693],[77.286117,28.564661],[77.286096,28.564654],[77.28606,28.564595],[77.285978,28.564634],[77.28597,28.564655],[77.285867,28.564704],[77.285831,28.564646],[77.285803,28.56466],[77.285754,28.56458]]]}},{"type":"Feature","properties":{"confidence":0.963},"geometry":{"type":"Polygon","coordinates":[[[77.286179,28.567701],[77.286189,28.567773],[77.286054,28.567787],[77.286044,28.567715],[77.286115,28.567707],[77.286115,28.567707],[77.286179,28.567701]]]}},{"type":"Feature","properties":{"confidence":0.973},"geometry":{"type":"Polygon","coordinates":[[[77.277328,28.561369],[77.277329,28.561237],[77.277695,28.561239],[77.277694,28.561371],[77.277328,28.561369]]]}},{"type":"Feature","properties":{"confidence":0.973},"geometry":{"type":"Polygon","coordinates":[[[77.282148,28.568272],[77.282299,28.568232],[77.282337,28.568345],[77.282187,28.568384],[77.282148,28.568272]]]}},{"type":"Feature","properties":{"confidence":0.968},"geometry":{"type":"Polygon","coordinates":[[[77.285607,28.562622],[77.285516,28.562666],[77.285491,28.562626],[77.285583,28.562582],[77.285607,28.562622]]]}},{"type":"Feature","properties":{"confidence":0.904},"geometry":{"type":"Polygon","coordinates":[[[77.286595,28.562413],[77.286847,28.562398],[77.286894,28.562412],[77.286969,28.562408],[77.286977,28.562386],[77.287038,28.562383],[77.287079,28.562395],[77.287024,28.562541],[77.286901,28.562548],[77.286888,28.562545],[77.286852,28.562547],[77.286863,28.562685],[77.286827,28.562687],[77.28662,28.562627],[77.286617,28.562589],[77.28664,28.562527],[77.286584,28.56251],[77.28658,28.562453],[77.286595,28.562413]]]}},{"type":"Feature","properties":{"confidence":0.961},"geometry":{"type":"Polygon","coordinates":[[[77.287283,28.56013],[77.287301,28.560191],[77.287204,28.560213],[77.287186,28.560152],[77.287283,28.56013]]]}},{"type":"Feature","properties":{"confidence":0.972},"geometry":{"type":"Polygon","coordinates":[[[77.288216,28.562779],[77.288211,28.562648],[77.288326,28.562645],[77.288325,28.562621],[77.288434,28.562618],[77.28844,28.562772],[77.288216,28.562779]]]}},{"type":"Feature","properties":{"confidence":0.944},"geometry":{"type":"Polygon","coordinates":[[[77.277593,28.559809],[77.277616,28.559776],[77.277663,28.5598],[77.27764,28.559834],[77.277593,28.559809]]]}},{"type":"Feature","properties":{"confidence":0.931},"geometry":{"type":"Polygon","coordinates":[[[77.282075,28.567826],[77.282127,28.567952],[77.281987,28.567997],[77.281964,28.567942],[77.281943,28.567949],[77.281908,28.567865],[77.28197,28.567845],[77.281975,28.567858],[77.282075,28.567826]]]}},{"type":"Feature","properties":{"confidence":0.876},"geometry":{"type":"Polygon","coordinates":[[[77.286268,28.55812],[77.286378,28.558117],[77.286375,28.558047],[77.286447,28.558045],[77.286451,28.558134],[77.286268,28.558139],[77.286268,28.55812]]]}},{"type":"Feature","properties":{"confidence":0.941},"geometry":{"type":"Polygon","coordinates":[[[77.287256,28.56356],[77.287266,28.563516],[77.287317,28.563526],[77.287326,28.563489],[77.287408,28.563505],[77.287373,28.56365],[77.287209,28.563619],[77.287225,28.563554],[77.287256,28.56356]]]}},{"type":"Feature","properties":{"confidence":0.953},"geometry":{"type":"Polygon","coordinates":[[[77.276093,28.566194],[77.275873,28.566167],[77.275888,28.566072],[77.276108,28.566099],[77.276093,28.566194]]]}},{"type":"Feature","properties":{"confidence":0.962},"geometry":{"type":"Polygon","coordinates":[[[77.277337,28.560108],[77.27738,28.560006],[77.277641,28.56009],[77.277598,28.560192],[77.277337,28.560108]]]}},{"type":"Feature","properties":{"confidence":0.985},"geometry":{"type":"Polygon","coordinates":[[[77.283642,28.564921],[77.28367,28.564889],[77.283713,28.564918],[77.283685,28.56495],[77.283642,28.564921]]]}},{"type":"Feature","properties":{"confidence":0.996},"geometry":{"type":"Polygon","coordinates":[[[77.282892,28.563105],[77.282888,28.563138],[77.282839,28.563133],[77.282843,28.563101],[77.282892,28.563105]]]}},{"type":"Feature","properties":{"confidence":0.939},"geometry":{"type":"Polygon","coordinates":[[[77.287516,28.560963],[77.287466,28.560974],[77.287442,28.560883],[77.287592,28.560853],[77.28762,28.560961],[77.287591,28.560967],[77.287601,28.561005],[77.287531,28.561019],[77.287516,28.560963]]]}},{"type":"Feature","properties":{"confidence":0.961},"geometry":{"type":"Polygon","coordinates":[[[77.288437,28.561236],[77.288286,28.56136],[77.288199,28.561278],[77.28835,28.561154],[77.288437,28.561236]]]}},{"type":"Feature","properties":{"confidence":0.971},"geometry":{"type":"Polygon","coordinates":[[[77.281731,28.567497],[77.281808,28.567684],[77.28172,28.567712],[77.281696,28.567653],[77.281591,28.567686],[77.281449,28.567341],[77.281495,28.567327],[77.281507,28.567261],[77.281621,28.567276],[77.28163,28.567297],[77.28167,28.567284],[77.281701,28.567289],[77.281689,28.567258],[77.281755,28.567237],[77.28174,28.567202],[77.281839,28.56717],[77.281921,28.567368],[77.281998,28.567344],[77.281982,28.567306],[77.282201,28.567237],[77.282207,28.567199],[77.282261,28.567329],[77.281945,28.56743],[77.28193,28.567395],[77.281865,28.567415],[77.281859,28.567447],[77.281801,28.567439],[77.281815,28.567474],[77.281807,28.567473],[77.281731,28.567497]]]}},{"type":"Feature","properties":{"confidence":0.946},"geometry":{"type":"Polygon","coordinates":[[[77.288152,28.560861],[77.288252,28.560919],[77.288152,28.561053],[77.28802,28.560977],[77.288073,28.560905],[77.288105,28.560924],[77.288152,28.560861]]]}},{"type":"Feature","properties":{"confidence":0.97},"geometry":{"type":"Polygon","coordinates":[[[77.279405,28.566496],[77.279524,28.566426],[77.279682,28.566635],[77.279563,28.566705],[77.279405,28.566496]]]}},{"type":"Feature","properties":{"confidence":0.976},"geometry":{"type":"Polygon","coordinates":[[[77.287377,28.558625],[77.287276,28.558616],[77.28728,28.558581],[77.287241,28.558578],[77.287235,28.558634],[77.287118,28.558623],[77.287136,28.558467],[77.287392,28.55849],[77.287377,28.558625]]]}},{"type":"Feature","properties":{"confidence":0.97},"geometry":{"type":"Polygon","coordinates":[[[77.287411,28.563201],[77.287445,28.563209],[77.287543,28.563285],[77.287592,28.563297],[77.287584,28.563324],[77.287558,28.563349],[77.287603,28.563384],[77.287594,28.563413],[77.287491,28.56339],[77.287502,28.563354],[77.287497,28.563359],[77.287443,28.563347],[77.287382,28.5633],[77.287323,28.563286],[77.28734,28.563231],[77.287391,28.563243],[77.287321,28.563188],[77.287343,28.563114],[77.287431,28.563134],[77.287411,28.563201]]]}},{"type":"Feature","properties":{"confidence":0.953},"geometry":{"type":"Polygon","coordinates":[[[77.278976,28.568346],[77.278806,28.568463],[77.278705,28.568349],[77.27858,28.568434],[77.278447,28.568285],[77.27862,28.568166],[77.27867,28.568222],[77.278684,28.568213],[77.278635,28.568158],[77.278743,28.568084],[77.278976,28.568346]]]}},{"type":"Feature","properties":{"confidence":0.974},"geometry":{"type":"Polygon","coordinates":[[[77.287495,28.562906],[77.287037,28.562918],[77.287034,28.562833],[77.287132,28.56283],[77.287131,28.562812],[77.287478,28.562803],[77.287478,28.562782],[77.287585,28.562779],[77.287589,28.562907],[77.287495,28.562909],[77.287495,28.562906]]]}},{"type":"Feature","properties":{"confidence":0.955},"geometry":{"type":"Polygon","coordinates":[[[77.280644,28.563894],[77.280646,28.56384],[77.280708,28.563842],[77.280706,28.563896],[77.280644,28.563894]]]}},{"type":"Feature","properties":{"confidence":0.981},"geometry":{"type":"Polygon","coordinates":[[[77.281,28.565536],[77.280982,28.565488],[77.280991,28.565289],[77.280956,28.565288],[77.280958,28.565257],[77.280996,28.565246],[77.281098,28.56525],[77.281095,28.565315],[77.281114,28.565365],[77.281111,28.565422],[77.281119,28.565445],[77.281315,28.565452],[77.281326,28.565481],[77.281378,28.565466],[77.281515,28.565471],[77.281547,28.565461],[77.281631,28.565465],[77.281629,28.565504],[77.281655,28.565574],[77.28163,28.565581],[77.281515,28.565577],[77.281518,28.565576],[77.281322,28.565569],[77.281314,28.565547],[77.281,28.565536]]]}},{"type":"Feature","properties":{"confidence":0.967},"geometry":{"type":"Polygon","coordinates":[[[77.286173,28.558588],[77.286223,28.558589],[77.286224,28.558543],[77.286274,28.558545],[77.286271,28.558628],[77.286172,28.558626],[77.286173,28.558588]]]}},{"type":"Feature","properties":{"confidence":0.978},"geometry":{"type":"Polygon","coordinates":[[[77.288215,28.562522],[77.288217,28.56246],[77.288273,28.562462],[77.288271,28.562523],[77.288215,28.562522]]]}},{"type":"Feature","properties":{"confidence":0.99},"geometry":{"type":"Polygon","coordinates":[[[77.279876,28.564894],[77.279807,28.564957],[77.279647,28.564822],[77.279715,28.564759],[77.279876,28.564894]]]}},{"type":"Feature","properties":{"confidence":0.967},"geometry":{"type":"Polygon","coordinates":[[[77.28365,28.564987],[77.283701,28.564946],[77.283755,28.564998],[77.283703,28.565039],[77.28365,28.564987]]]}},{"type":"Feature","properties":{"confidence":0.957},"geometry":{"type":"Polygon","coordinates":[[[77.287986,28.562723],[77.28799,28.562619],[77.288207,28.562626],[77.288203,28.562729],[77.287986,28.562723]]]}},{"type":"Feature","properties":{"confidence":0.975},"geometry":{"type":"Polygon","coordinates":[[[77.277224,28.56676],[77.276894,28.566729],[77.276909,28.566606],[77.276926,28.566607],[77.276935,28.566535],[77.277248,28.566565],[77.277224,28.56676]]]}},{"type":"Feature","properties":{"confidence":0.631},"geometry":{"type":"Polygon","coordinates":[[[77.281586,28.565168],[77.281901,28.565171],[77.2819,28.565235],[77.281909,28.565235],[77.281909,28.56528],[77.281779,28.565278],[77.28178,28.565235],[77.281746,28.565235],[77.281745,28.565276],[77.28168,28.565275],[77.28168,28.565226],[77.281585,28.565225],[77.281586,28.565168]]]}},{"type":"Feature","properties":{"confidence":0.917},"geometry":{"type":"Polygon","coordinates":[[[77.282728,28.568658],[77.282753,28.568649],[77.282724,28.568586],[77.2828,28.568559],[77.282991,28.568972],[77.282889,28.569008],[77.282728,28.568658]]]}},{"type":"Feature","properties":{"confidence":0.993},"geometry":{"type":"Polygon","coordinates":[[[77.284864,28.560577],[77.284958,28.560607],[77.284934,28.560662],[77.284841,28.560632],[77.284864,28.560577]]]}},{"type":"Feature","properties":{"confidence":0.97},"geometry":{"type":"Polygon","coordinates":[[[77.27708,28.560257],[77.27713,28.560128],[77.277286,28.560174],[77.277267,28.560223],[77.27748,28.560286],[77.27745,28.560367],[77.27708,28.560257]]]}},{"type":"Feature","properties":{"confidence":0.976},"geometry":{"type":"Polygon","coordinates":[[[77.279027,28.566669],[77.278928,28.56673],[77.278841,28.566622],[77.278792,28.566593],[77.278907,28.566734],[77.278788,28.566808],[77.278695,28.566693],[77.278652,28.56672],[77.278611,28.566669],[77.278558,28.566701],[77.278461,28.566581],[77.278497,28.566536],[77.278604,28.566602],[77.278531,28.566511],[77.278582,28.566479],[77.278392,28.566361],[77.278388,28.566364],[77.278218,28.566259],[77.278194,28.566229],[77.27823,28.566184],[77.278417,28.566299],[77.278432,28.566318],[77.278483,28.566255],[77.278561,28.566304],[77.278644,28.566252],[77.278736,28.566309],[77.279027,28.566669]]]}},{"type":"Feature","properties":{"confidence":0.972},"geometry":{"type":"Polygon","coordinates":[[[77.28059,28.566897],[77.28069,28.566857],[77.280745,28.566963],[77.280608,28.567018],[77.280574,28.566954],[77.280612,28.566939],[77.28059,28.566897]]]}},{"type":"Feature","properties":{"confidence":0.978},"geometry":{"type":"Polygon","coordinates":[[[77.282249,28.566045],[77.282342,28.566043],[77.282354,28.566033],[77.282747,28.565917],[77.282632,28.56592],[77.282585,28.565797],[77.282569,28.565782],[77.282699,28.565674],[77.282784,28.565752],[77.282805,28.565809],[77.282851,28.565851],[77.282858,28.565868],[77.282893,28.565902],[77.282941,28.565901],[77.28313,28.566077],[77.283103,28.566099],[77.282953,28.566103],[77.282903,28.565972],[77.282848,28.565989],[77.28293,28.566066],[77.282932,28.566107],[77.282839,28.566135],[77.282825,28.566122],[77.282799,28.566144],[77.282767,28.566145],[77.282768,28.566186],[77.282677,28.566213],[77.282533,28.566217],[77.282509,28.566195],[77.282419,28.566221],[77.282403,28.566206],[77.28232,28.56623],[77.282249,28.566045]]]}},{"type":"Feature","properties":{"confidence":0.977},"geometry":{"type":"Polygon","coordinates":[[[77.285404,28.567381],[77.285389,28.567342],[77.285389,28.567403],[77.285286,28.567433],[77.285302,28.567433],[77.285061,28.567502],[77.28498,28.567502],[77.284955,28.567433],[77.284955,28.567486],[77.284974,28.567538],[77.284817,28.567583],[77.284772,28.567463],[77.284641,28.567501],[77.284595,28.567378],[77.284692,28.56735],[77.284717,28.567351],[77.284717,28.567329],[77.28501,28.567245],[77.285067,28.567245],[77.28507,28.567254],[77.285135,28.567235],[77.285124,28.567207],[77.28531,28.567154],[77.285376,28.567154],[77.285376,28.567114],[77.285488,28.567082],[77.285581,28.56733],[77.285404,28.567381]]]}},{"type":"Feature","properties":{"confidence":0.985},"geometry":{"type":"Polygon","coordinates":[[[77.276183,28.557325],[77.276306,28.557178],[77.276498,28.557303],[77.276375,28.557449],[77.276183,28.557325]]]}},{"type":"Feature","properties":{"confidence":0.978},"geometry":{"type":"Polygon","coordinates":[[[77.279031,28.568577],[77.279174,28.568716],[77.279079,28.568791],[77.278936,28.568653],[77.279031,28.568577]]]}},{"type":"Feature","properties":{"confidence":0.956},"geometry":{"type":"Polygon","coordinates":[[[77.28354,28.56804],[77.283588,28.568023],[77.28366,28.568175],[77.283612,28.568193],[77.28354,28.56804]]]}},{"type":"Feature","properties":{"confidence":0.982},"geometry":{"type":"Polygon","coordinates":[[[77.284591,28.564052],[77.284624,28.563978],[77.28467,28.563993],[77.284636,28.564068],[77.284591,28.564052]]]}},{"type":"Feature","properties":{"confidence":0.955},"geometry":{"type":"Polygon","coordinates":[[[77.28498,28.567769],[77.284891,28.567794],[77.284869,28.567734],[77.284765,28.567763],[77.284726,28.567655],[77.284919,28.567601],[77.28498,28.567769]]]}},{"type":"Feature","properties":{"confidence":0.979},"geometry":{"type":"Polygon","coordinates":[[[77.283047,28.56162],[77.283081,28.561663],[77.283023,28.561698],[77.282989,28.561655],[77.283047,28.56162]]]}},{"type":"Feature","properties":{"confidence":0.918},"geometry":{"type":"Polygon","coordinates":[[[77.283403,28.56198],[77.28346,28.561793],[77.283472,28.561796],[77.283481,28.561767],[77.283879,28.56186],[77.283846,28.56197],[77.283728,28.561942],[77.283696,28.56205],[77.283565,28.56202],[77.283583,28.561963],[77.283485,28.56194],[77.283468,28.561995],[77.283403,28.56198]]]}},{"type":"Feature","properties":{"confidence":0.957},"geometry":{"type":"Polygon","coordinates":[[[77.276723,28.560956],[77.276534,28.560957],[77.276533,28.560913],[77.276722,28.560911],[77.276723,28.560956]]]}},{"type":"Feature","properties":{"confidence":0.985},"geometry":{"type":"Polygon","coordinates":[[[77.284129,28.559789],[77.2841,28.55984],[77.284066,28.559824],[77.284095,28.559774],[77.284129,28.559789]]]}},{"type":"Feature","properties":{"confidence":0.967},"geometry":{"type":"Polygon","coordinates":[[[77.279083,28.56807],[77.279161,28.568002],[77.279336,28.568155],[77.279367,28.568127],[77.27938,28.568139],[77.279334,28.568181],[77.279403,28.568242],[77.279482,28.568173],[77.279518,28.568205],[77.279489,28.56823],[77.279517,28.568255],[77.279405,28.568353],[77.279083,28.56807]]]}},{"type":"Feature","properties":{"confidence":0.857},"geometry":{"type":"Polygon","coordinates":[[[77.287898,28.565342],[77.287898,28.565277],[77.287988,28.565278],[77.287989,28.565242],[77.288082,28.565242],[77.288082,28.565304],[77.288034,28.565304],[77.288033,28.565353],[77.287969,28.565352],[77.287969,28.565343],[77.287898,28.565342]]]}},{"type":"Feature","properties":{"confidence":0.965},"geometry":{"type":"Polygon","coordinates":[[[77.278591,28.566016],[77.278496,28.566095],[77.278552,28.566147],[77.278549,28.56615],[77.278631,28.566226],[77.278537,28.566304],[77.278308,28.56609],[77.278344,28.566061],[77.278316,28.566034],[77.278388,28.565974],[77.278357,28.565946],[77.2784,28.56591],[77.278417,28.565927],[77.278459,28.565893],[77.278591,28.566016]]]}},{"type":"Feature","properties":{"confidence":0.965},"geometry":{"type":"Polygon","coordinates":[[[77.285441,28.567059],[77.284966,28.567233],[77.284858,28.567006],[77.284892,28.567238],[77.284546,28.567365],[77.284514,28.567148],[77.284726,28.56707],[77.284708,28.566946],[77.284674,28.566959],[77.284706,28.567026],[77.284511,28.567097],[77.284422,28.566911],[77.284639,28.566886],[77.284632,28.566841],[77.284698,28.566834],[77.284814,28.566791],[77.28489,28.566951],[77.284809,28.566981],[77.284887,28.566972],[77.284897,28.567034],[77.284926,28.567095],[77.285034,28.567083],[77.28502,28.567054],[77.284969,28.567059],[77.284829,28.566766],[77.285042,28.566688],[77.285043,28.566691],[77.285157,28.566677],[77.285202,28.566772],[77.285184,28.566649],[77.285242,28.566642],[77.285441,28.567059]]]}},{"type":"Feature","properties":{"confidence":0.941},"geometry":{"type":"Polygon","coordinates":[[[77.287274,28.56094],[77.287403,28.560912],[77.287447,28.561069],[77.28749,28.56106],[77.28751,28.561132],[77.28753,28.561127],[77.287542,28.561169],[77.287385,28.561203],[77.287364,28.561126],[77.287328,28.561134],[77.287274,28.56094]]]}},{"type":"Feature","properties":{"confidence":0.939},"geometry":{"type":"Polygon","coordinates":[[[77.285429,28.56035],[77.285555,28.560353],[77.285554,28.560418],[77.285428,28.560415],[77.285429,28.56035]]]}},{"type":"Feature","properties":{"confidence":0.984},"geometry":{"type":"Polygon","coordinates":[[[77.276113,28.557485],[77.276057,28.557544],[77.276014,28.557513],[77.276069,28.557454],[77.276113,28.557485]]]}},{"type":"Feature","properties":{"confidence":0.991},"geometry":{"type":"Polygon","coordinates":[[[77.276208,28.563409],[77.276209,28.563526],[77.275746,28.563529],[77.275745,28.563413],[77.276208,28.563409]]]}},{"type":"Feature","properties":{"confidence":0.973},"geometry":{"type":"Polygon","coordinates":[[[77.286354,28.562774],[77.286384,28.562709],[77.28643,28.562726],[77.286401,28.562791],[77.286354,28.562774]]]}},{"type":"Feature","properties":{"confidence":0.916},"geometry":{"type":"Polygon","coordinates":[[[77.284046,28.565976],[77.284108,28.566098],[77.283991,28.566143],[77.28393,28.566021],[77.284046,28.565976]]]}},{"type":"Feature","properties":{"confidence":0.97},"geometry":{"type":"Polygon","coordinates":[[[77.286128,28.568206],[77.2864,28.568125],[77.286454,28.568266],[77.286182,28.568347],[77.286128,28.568206]]]}},{"type":"Feature","properties":{"confidence":0.975},"geometry":{"type":"Polygon","coordinates":[[[77.277986,28.56768],[77.278047,28.567579],[77.278294,28.567696],[77.278233,28.567797],[77.277986,28.56768]]]}},{"type":"Feature","properties":{"confidence":0.967},"geometry":{"type":"Polygon","coordinates":[[[77.281182,28.563951],[77.281256,28.563948],[77.281257,28.563974],[77.281183,28.563977],[77.281182,28.563951]]]}},{"type":"Feature","properties":{"confidence":0.95},"geometry":{"type":"Polygon","coordinates":[[[77.283999,28.564977],[77.28394,28.564922],[77.284067,28.564817],[77.28405,28.564802],[77.284159,28.564711],[77.284235,28.564782],[77.283999,28.564977]]]}},{"type":"Feature","properties":{"confidence":0.942},"geometry":{"type":"Polygon","coordinates":[[[77.279802,28.567984],[77.279884,28.567946],[77.279909,28.567988],[77.280016,28.567939],[77.280185,28.568221],[77.279995,28.568309],[77.279802,28.567984]]]}},{"type":"Feature","properties":{"confidence":0.957},"geometry":{"type":"Polygon","coordinates":[[[77.28758,28.56238],[77.287564,28.562572],[77.287557,28.562571],[77.287544,28.562721],[77.287508,28.562719],[77.287503,28.56277],[77.287309,28.562757],[77.287329,28.562523],[77.287257,28.562518],[77.287271,28.562359],[77.28758,28.56238]]]}},{"type":"Feature","properties":{"confidence":0.978},"geometry":{"type":"Polygon","coordinates":[[[77.276499,28.563639],[77.276501,28.563746],[77.2764,28.563748],[77.276399,28.563641],[77.276499,28.563639]]]}},{"type":"Feature","properties":{"confidence":0.969},"geometry":{"type":"Polygon","coordinates":[[[77.277244,28.559507],[77.277461,28.559573],[77.277382,28.559773],[77.27742,28.559785],[77.277388,28.559866],[77.277242,28.559822],[77.277233,28.559845],[77.277191,28.559832],[77.277177,28.559868],[77.27711,28.559848],[77.277244,28.559507]]]}},{"type":"Feature","properties":{"confidence":0.941},"geometry":{"type":"Polygon","coordinates":[[[77.287343,28.565558],[77.287395,28.565541],[77.28746,28.565694],[77.287368,28.565724],[77.287292,28.565547],[77.287332,28.565533],[77.287343,28.565558]]]}},{"type":"Feature","properties":{"confidence":0.979},"geometry":{"type":"Polygon","coordinates":[[[77.276662,28.557401],[77.276605,28.557452],[77.276569,28.557421],[77.276626,28.55737],[77.276662,28.557401]]]}},{"type":"Feature","properties":{"confidence":0.981},"geometry":{"type":"Polygon","coordinates":[[[77.279968,28.565733],[77.27985,28.56585],[77.279685,28.565721],[77.279748,28.56566],[77.279773,28.565679],[77.279802,28.565651],[77.279821,28.565665],[77.279847,28.565639],[77.279968,28.565733]]]}},{"type":"Feature","properties":{"confidence":0.934},"geometry":{"type":"Polygon","coordinates":[[[77.281067,28.567569],[77.281074,28.567551],[77.28125,28.567497],[77.281288,28.567591],[77.281333,28.567604],[77.281387,28.567588],[77.281335,28.567456],[77.28126,28.567435],[77.281221,28.567338],[77.281335,28.56737],[77.281356,28.567423],[77.281448,28.567395],[77.281511,28.567552],[77.281407,28.567584],[77.281531,28.567619],[77.281588,28.567761],[77.281584,28.567771],[77.281634,28.567756],[77.281688,28.567892],[77.281677,28.567921],[77.281722,28.567934],[77.281747,28.567998],[77.281688,28.567981],[77.281705,28.568021],[77.281541,28.568072],[77.281473,28.567902],[77.281439,28.567912],[77.281401,28.567819],[77.281367,28.567911],[77.281221,28.567956],[77.281067,28.567569]]]}},{"type":"Feature","properties":{"confidence":0.863},"geometry":{"type":"Polygon","coordinates":[[[77.284192,28.567255],[77.284185,28.567238],[77.284313,28.567195],[77.284484,28.567584],[77.284357,28.567627],[77.284517,28.567707],[77.284628,28.567536],[77.284812,28.567955],[77.284562,28.56783],[77.284576,28.56786],[77.285121,28.568133],[77.284912,28.568204],[77.284971,28.56834],[77.284914,28.568359],[77.285025,28.568415],[77.285173,28.568188],[77.28528,28.568433],[77.284781,28.568602],[77.28467,28.56835],[77.284816,28.568232],[77.284604,28.568304],[77.284677,28.56847],[77.284471,28.568539],[77.28435,28.568263],[77.284109,28.568142],[77.283929,28.567731],[77.284243,28.567625],[77.283944,28.567339],[77.284192,28.567255]]]}},{"type":"Feature","properties":{"confidence":0.975},"geometry":{"type":"Polygon","coordinates":[[[77.278973,28.568001],[77.279222,28.568229],[77.279058,28.568367],[77.278809,28.568138],[77.278886,28.568074],[77.278831,28.568023],[77.278896,28.567969],[77.278951,28.568019],[77.278973,28.568001]]]}},{"type":"Feature","properties":{"confidence":0.956},"geometry":{"type":"Polygon","coordinates":[[[77.279391,28.565988],[77.279274,28.566114],[77.279248,28.566096],[77.279214,28.566132],[77.279234,28.566147],[77.279218,28.566163],[77.279179,28.566135],[77.279144,28.566173],[77.278802,28.565929],[77.279004,28.565711],[77.279391,28.565988]]]}},{"type":"Feature","properties":{"confidence":0.989},"geometry":{"type":"Polygon","coordinates":[[[77.284045,28.563518],[77.284184,28.563574],[77.284155,28.563629],[77.284016,28.563572],[77.284045,28.563518]]]}},{"type":"Feature","properties":{"confidence":0.952},"geometry":{"type":"Polygon","coordinates":[[[77.276188,28.567212],[77.276098,28.567346],[77.276072,28.567332],[77.276002,28.567436],[77.275966,28.567418],[77.27592,28.567486],[77.275759,28.567402],[77.275811,28.567326],[77.275785,28.567312],[77.275839,28.567232],[77.275924,28.567276],[77.276025,28.567127],[77.276188,28.567212]]]}},{"type":"Feature","properties":{"confidence":0.965},"geometry":{"type":"Polygon","coordinates":[[[77.278311,28.567754],[77.278421,28.567761],[77.278416,28.567824],[77.278306,28.567817],[77.278311,28.567754]]]}},{"type":"Feature","properties":{"confidence":0.98},"geometry":{"type":"Polygon","coordinates":[[[77.278388,28.567888],[77.278478,28.567763],[77.278546,28.567733],[77.278622,28.567627],[77.27872,28.567681],[77.2787,28.567708],[77.278727,28.567753],[77.278754,28.567714],[77.278804,28.567742],[77.278838,28.567695],[77.278875,28.567715],[77.278907,28.56767],[77.278934,28.567684],[77.278906,28.567724],[77.278968,28.567831],[77.278913,28.567856],[77.278886,28.567893],[77.278838,28.567867],[77.278805,28.567912],[77.278683,28.567844],[77.278649,28.567891],[77.278751,28.567948],[77.278771,28.567983],[77.278725,28.568046],[77.278696,28.568059],[77.278388,28.567888]]]}},{"type":"Feature","properties":{"confidence":0.955},"geometry":{"type":"Polygon","coordinates":[[[77.281315,28.563616],[77.281393,28.563614],[77.281397,28.563746],[77.281319,28.563747],[77.281315,28.563616]]]}},{"type":"Feature","properties":{"confidence":0.985},"geometry":{"type":"Polygon","coordinates":[[[77.275769,28.564983],[77.27577,28.56481],[77.275765,28.56481],[77.275766,28.564397],[77.276129,28.564398],[77.276127,28.564984],[77.275769,28.564983]]]}},{"type":"Feature","properties":{"confidence":0.956},"geometry":{"type":"Polygon","coordinates":[[[77.279582,28.565517],[77.279524,28.565581],[77.27954,28.565592],[77.279522,28.565612],[77.279603,28.565669],[77.279551,28.565726],[77.279658,28.5658],[77.279489,28.565985],[77.279416,28.565934],[77.279392,28.56596],[77.279093,28.565751],[77.279147,28.565691],[77.279117,28.565671],[77.279163,28.56562],[77.279194,28.565642],[77.279345,28.565475],[77.27933,28.565464],[77.279399,28.565388],[77.279582,28.565517]]]}},{"type":"Feature","properties":{"confidence":0.986},"geometry":{"type":"Polygon","coordinates":[[[77.282876,28.564795],[77.28327,28.564516],[77.283348,28.564601],[77.283277,28.564652],[77.283305,28.564683],[77.283409,28.564609],[77.283499,28.564707],[77.283344,28.564816],[77.283259,28.564723],[77.282987,28.564916],[77.282876,28.564795]]]}},{"type":"Feature","properties":{"confidence":0.993},"geometry":{"type":"Polygon","coordinates":[[[77.282951,28.562363],[77.282952,28.562775],[77.282493,28.562776],[77.282492,28.562363],[77.282951,28.562363]]]}},{"type":"Feature","properties":{"confidence":0.976},"geometry":{"type":"Polygon","coordinates":[[[77.276848,28.557166],[77.276939,28.55701],[77.277146,28.557104],[77.277055,28.557259],[77.276848,28.557166]]]}},{"type":"Feature","properties":{"confidence":0.976},"geometry":{"type":"Polygon","coordinates":[[[77.287532,28.561127],[77.287504,28.561066],[77.287549,28.56105],[77.287539,28.561028],[77.287622,28.560999],[77.287638,28.561036],[77.287693,28.561017],[77.287722,28.561083],[77.287574,28.561135],[77.287565,28.561115],[77.287532,28.561127]]]}},{"type":"Feature","properties":{"confidence":0.937},"geometry":{"type":"Polygon","coordinates":[[[77.276689,28.56845],[77.276745,28.568461],[77.276734,28.568505],[77.276678,28.568494],[77.276689,28.56845]]]}},{"type":"Feature","properties":{"confidence":0.97},"geometry":{"type":"Polygon","coordinates":[[[77.282638,28.564628],[77.282583,28.564566],[77.282575,28.564571],[77.282464,28.564444],[77.28248,28.564433],[77.282248,28.564164],[77.282374,28.56408],[77.282298,28.563993],[77.282573,28.563809],[77.282813,28.564086],[77.282667,28.564184],[77.282695,28.564217],[77.282872,28.564099],[77.28302,28.56427],[77.282938,28.564324],[77.282942,28.564329],[77.283009,28.564284],[77.283062,28.564346],[77.283094,28.564324],[77.283143,28.56438],[77.283052,28.564441],[77.283117,28.564516],[77.282813,28.564719],[77.282757,28.564654],[77.282852,28.564591],[77.282794,28.564524],[77.282638,28.564628]]]}},{"type":"Feature","properties":{"confidence":0.95},"geometry":{"type":"Polygon","coordinates":[[[77.286647,28.56335],[77.286693,28.56331],[77.286803,28.56341],[77.286757,28.563449],[77.286647,28.56335]]]}},{"type":"Feature","properties":{"confidence":0.995},"geometry":{"type":"Polygon","coordinates":[[[77.278962,28.559478],[77.278959,28.559569],[77.278884,28.559567],[77.278887,28.559475],[77.278962,28.559478]]]}},{"type":"Feature","properties":{"confidence":0.943},"geometry":{"type":"Polygon","coordinates":[[[77.283228,28.565459],[77.283257,28.565456],[77.283265,28.565509],[77.283236,28.565513],[77.283228,28.565459]]]}},{"type":"Feature","properties":{"confidence":0.951},"geometry":{"type":"Polygon","coordinates":[[[77.284103,28.564734],[77.284005,28.564812],[77.283789,28.564602],[77.283659,28.564705],[77.283604,28.564652],[77.28367,28.5646],[77.283629,28.56456],[77.283695,28.564507],[77.283732,28.564543],[77.283886,28.564421],[77.283951,28.564485],[77.283952,28.564484],[77.284038,28.564567],[77.283979,28.564613],[77.284103,28.564734]]]}},{"type":"Feature","properties":{"confidence":0.96},"geometry":{"type":"Polygon","coordinates":[[[77.284448,28.566278],[77.284386,28.566183],[77.284459,28.566147],[77.284489,28.566193],[77.284505,28.566185],[77.284583,28.566305],[77.284541,28.566326],[77.284495,28.566255],[77.284448,28.566278]]]}},{"type":"Feature","properties":{"confidence":0.957},"geometry":{"type":"Polygon","coordinates":[[[77.284832,28.560638],[77.28478,28.56059],[77.284764,28.560604],[77.284756,28.560622],[77.284799,28.560662],[77.28478,28.560677],[77.28457,28.560606],[77.284598,28.560543],[77.284637,28.560556],[77.284721,28.560364],[77.285052,28.560476],[77.285147,28.560258],[77.284804,28.560142],[77.28477,28.560218],[77.284732,28.56025],[77.284607,28.560208],[77.284677,28.560048],[77.284733,28.560067],[77.284749,28.560081],[77.28482,28.560105],[77.284836,28.560068],[77.284893,28.56002],[77.284938,28.560036],[77.28499,28.560084],[77.285286,28.560184],[77.285083,28.560648],[77.284861,28.560573],[77.284832,28.560638]]]}},{"type":"Feature","properties":{"confidence":0.982},"geometry":{"type":"Polygon","coordinates":[[[77.27703,28.560001],[77.277093,28.55985],[77.277164,28.559873],[77.277148,28.55991],[77.277339,28.559971],[77.277291,28.560085],[77.27703,28.560001]]]}},{"type":"Feature","properties":{"confidence":0.923},"geometry":{"type":"Polygon","coordinates":[[[77.281967,28.565997],[77.28208,28.565965],[77.282126,28.56609],[77.282161,28.56608],[77.282225,28.566253],[77.282203,28.566259],[77.28222,28.566307],[77.282141,28.566329],[77.282059,28.566104],[77.282011,28.566118],[77.281967,28.565997]]]}},{"type":"Feature","properties":{"confidence":0.978},"geometry":{"type":"Polygon","coordinates":[[[77.288034,28.558001],[77.288038,28.558095],[77.287915,28.558099],[77.287911,28.558005],[77.288034,28.558001]]]}},{"type":"Feature","properties":{"confidence":0.948},"geometry":{"type":"Polygon","coordinates":[[[77.276599,28.566011],[77.276602,28.565839],[77.276921,28.565843],[77.276918,28.566033],[77.276974,28.566034],[77.276977,28.565879],[77.277258,28.565882],[77.277257,28.565977],[77.27724,28.565977],[77.277238,28.566091],[77.276906,28.566087],[77.276908,28.566015],[77.276599,28.566011]]]}},{"type":"Feature","properties":{"confidence":0.966},"geometry":{"type":"Polygon","coordinates":[[[77.287292,28.55672],[77.287375,28.55672],[77.287371,28.557172],[77.287288,28.557172],[77.287292,28.55672]]]}},{"type":"Feature","properties":{"confidence":0.998},"geometry":{"type":"Polygon","coordinates":[[[77.276463,28.567562],[77.276497,28.567504],[77.27655,28.567527],[77.276516,28.567586],[77.276463,28.567562]]]}},{"type":"Feature","properties":{"confidence":0.951},"geometry":{"type":"Polygon","coordinates":[[[77.279182,28.568456],[77.27951,28.568794],[77.279364,28.568903],[77.279036,28.568565],[77.279182,28.568456]]]}},{"type":"Feature","properties":{"confidence":0.978},"geometry":{"type":"Polygon","coordinates":[[[77.279768,28.565358],[77.279959,28.565491],[77.279904,28.565552],[77.279867,28.565527],[77.279694,28.565719],[77.279527,28.565601],[77.279585,28.565537],[77.279597,28.565546],[77.279768,28.565358]]]}},{"type":"Feature","properties":{"confidence":0.969},"geometry":{"type":"Polygon","coordinates":[[[77.281292,28.567044],[77.281432,28.567005],[77.281488,28.567158],[77.281517,28.56715],[77.2815,28.567103],[77.281597,28.567076],[77.281617,28.567129],[77.28168,28.567111],[77.281716,28.56721],[77.281387,28.567303],[77.281292,28.567044]]]}},{"type":"Feature","properties":{"confidence":0.923},"geometry":{"type":"Polygon","coordinates":[[[77.283964,28.565396],[77.284083,28.565516],[77.283987,28.565589],[77.283873,28.565474],[77.283928,28.565433],[77.283923,28.565427],[77.283964,28.565396]]]}},{"type":"Feature","properties":{"confidence":0.965},"geometry":{"type":"Polygon","coordinates":[[[77.28471,28.566763],[77.284496,28.566831],[77.284357,28.566812],[77.28435,28.566814],[77.284329,28.566765],[77.284234,28.566795],[77.284159,28.566785],[77.284125,28.566703],[77.284177,28.566686],[77.284161,28.566647],[77.284771,28.566454],[77.284748,28.566397],[77.284886,28.566354],[77.284944,28.566497],[77.284814,28.566538],[77.284797,28.566631],[77.284777,28.566581],[77.284748,28.566577],[77.284738,28.566632],[77.28467,28.566623],[77.284665,28.566649],[77.284711,28.566759],[77.28471,28.566763]]]}},{"type":"Feature","properties":{"confidence":0.944},"geometry":{"type":"Polygon","coordinates":[[[77.287455,28.556549],[77.287864,28.556556],[77.287863,28.556621],[77.287871,28.556621],[77.287862,28.557041],[77.287785,28.55704],[77.28778,28.557284],[77.287468,28.557279],[77.28747,28.557189],[77.28766,28.557192],[77.287661,28.557143],[77.287645,28.557143],[77.287645,28.557133],[77.287432,28.557129],[77.287434,28.557021],[77.287466,28.557022],[77.287468,28.556934],[77.287447,28.556934],[77.287455,28.556549]]]}},{"type":"Feature","properties":{"confidence":0.991},"geometry":{"type":"Polygon","coordinates":[[[77.275885,28.565535],[77.275953,28.565534],[77.275952,28.565445],[77.276035,28.565444],[77.276035,28.565435],[77.276166,28.565434],[77.276167,28.56551],[77.276089,28.565511],[77.276091,28.565684],[77.275887,28.565686],[77.275885,28.565535]]]}},{"type":"Feature","properties":{"confidence":0.97},"geometry":{"type":"Polygon","coordinates":[[[77.276369,28.566944],[77.276254,28.567165],[77.276093,28.567101],[77.276076,28.5671],[77.276051,28.56709],[77.276155,28.56689],[77.276156,28.566878],[77.276127,28.566934],[77.276061,28.566908],[77.276039,28.56695],[77.275853,28.566875],[77.275856,28.566837],[77.275893,28.566765],[77.276029,28.56682],[77.276107,28.566825],[77.275952,28.566763],[77.275956,28.566719],[77.275982,28.566669],[77.275985,28.566635],[77.275865,28.566627],[77.275874,28.566524],[77.276208,28.566547],[77.276198,28.566659],[77.27613,28.566654],[77.276122,28.566745],[77.276055,28.56674],[77.276167,28.566785],[77.276159,28.566865],[77.276175,28.566866],[77.276369,28.566944]]]}},{"type":"Feature","properties":{"confidence":0.967},"geometry":{"type":"Polygon","coordinates":[[[77.283812,28.565469],[77.283993,28.565705],[77.283915,28.565751],[77.283897,28.565728],[77.283849,28.565756],[77.283766,28.565648],[77.283675,28.565701],[77.283639,28.565654],[77.283532,28.565718],[77.283422,28.565574],[77.28349,28.565533],[77.283557,28.565621],[77.283812,28.565469]]]}},{"type":"Feature","properties":{"confidence":0.937},"geometry":{"type":"Polygon","coordinates":[[[77.28401,28.566692],[77.284101,28.566587],[77.284138,28.566612],[77.284048,28.566716],[77.28401,28.566692]]]}},{"type":"Feature","properties":{"confidence":0.953},"geometry":{"type":"Polygon","coordinates":[[[77.284317,28.56882],[77.284245,28.568838],[77.284181,28.568648],[77.284095,28.56867],[77.284041,28.568512],[77.284199,28.568471],[77.284317,28.56882]]]}},{"type":"Feature","properties":{"confidence":0.973},"geometry":{"type":"Polygon","coordinates":[[[77.288027,28.562555],[77.288025,28.562477],[77.288202,28.562474],[77.288205,28.562592],[77.288103,28.562594],[77.288102,28.562554],[77.288027,28.562555]]]}},{"type":"Feature","properties":{"confidence":0.99},"geometry":{"type":"Polygon","coordinates":[[[77.278472,28.568737],[77.278385,28.568806],[77.278246,28.568672],[77.278333,28.568603],[77.278472,28.568737]]]}},{"type":"Feature","properties":{"confidence":0.997},"geometry":{"type":"Polygon","coordinates":[[[77.283834,28.564993],[77.283928,28.564918],[77.283979,28.564967],[77.283884,28.565042],[77.283834,28.564993]]]}},{"type":"Feature","properties":{"confidence":0.997},"geometry":{"type":"Polygon","coordinates":[[[77.28401,28.562438],[77.284064,28.562329],[77.284176,28.562372],[77.284122,28.562481],[77.28401,28.562438]]]}},{"type":"Feature","properties":{"confidence":0.97},"geometry":{"type":"Polygon","coordinates":[[[77.28616,28.558091],[77.286217,28.558094],[77.286215,28.558124],[77.286159,28.558121],[77.28616,28.558091]]]}},{"type":"Feature","properties":{"confidence":0.991},"geometry":{"type":"Polygon","coordinates":[[[77.288259,28.558696],[77.28843,28.558701],[77.288426,28.558799],[77.288255,28.558795],[77.288259,28.558696]]]}},{"type":"Feature","properties":{"confidence":0.929},"geometry":{"type":"Polygon","coordinates":[[[77.28169,28.567088],[77.281761,28.567062],[77.281806,28.567159],[77.281736,28.567184],[77.28169,28.567088]]]}},{"type":"Feature","properties":{"confidence":0.976},"geometry":{"type":"Polygon","coordinates":[[[77.282928,28.568804],[77.282885,28.568713],[77.282881,28.56872],[77.282727,28.568394],[77.282772,28.568377],[77.282809,28.568317],[77.282845,28.568394],[77.282835,28.568411],[77.282873,28.568429],[77.282971,28.568639],[77.282948,28.568676],[77.282996,28.568659],[77.283015,28.568699],[77.282991,28.568737],[77.283049,28.568765],[77.283052,28.56877],[77.283008,28.568841],[77.283055,28.568824],[77.283074,28.568864],[77.283097,28.568875],[77.283248,28.569197],[77.283141,28.569235],[77.282998,28.568931],[77.283008,28.568916],[77.282982,28.568861],[77.282997,28.568837],[77.282928,28.568804]]]}},{"type":"Feature","properties":{"confidence":0.961},"geometry":{"type":"Polygon","coordinates":[[[77.278284,28.561928],[77.278489,28.561923],[77.278491,28.561994],[77.278415,28.561996],[77.278417,28.562078],[77.278288,28.562081],[77.278284,28.561928]]]}},{"type":"Feature","properties":{"confidence":0.968},"geometry":{"type":"Polygon","coordinates":[[[77.280056,28.559552],[77.280051,28.559454],[77.280214,28.559447],[77.280219,28.559546],[77.280056,28.559552]]]}},{"type":"Feature","properties":{"confidence":0.939},"geometry":{"type":"Polygon","coordinates":[[[77.282671,28.563754],[77.282795,28.563666],[77.282827,28.563702],[77.282704,28.563789],[77.282671,28.563754]]]}},{"type":"Feature","properties":{"confidence":0.99},"geometry":{"type":"Polygon","coordinates":[[[77.285648,28.564565],[77.285738,28.564554],[77.285742,28.56458],[77.285652,28.564591],[77.285648,28.564565]]]}},{"type":"Feature","properties":{"confidence":0.991},"geometry":{"type":"Polygon","coordinates":[[[77.279958,28.564802],[77.279917,28.564819],[77.279901,28.564791],[77.279943,28.564773],[77.279958,28.564802]]]}},{"type":"Feature","properties":{"confidence":0.931},"geometry":{"type":"Polygon","coordinates":[[[77.284135,28.565381],[77.284181,28.565462],[77.284089,28.565502],[77.284043,28.565422],[77.284135,28.565381]]]}},{"type":"Feature","properties":{"confidence":0.945},"geometry":{"type":"Polygon","coordinates":[[[77.276691,28.55771],[77.276545,28.557885],[77.276429,28.55781],[77.276418,28.557823],[77.276293,28.557742],[77.276449,28.557555],[77.276691,28.55771]]]}},{"type":"Feature","properties":{"confidence":0.986},"geometry":{"type":"Polygon","coordinates":[[[77.279898,28.564796],[77.27977,28.564698],[77.279804,28.564664],[77.279846,28.564697],[77.279905,28.564637],[77.280045,28.564744],[77.279981,28.564808],[77.279927,28.564767],[77.279898,28.564796]]]}},{"type":"Feature","properties":{"confidence":0.937},"geometry":{"type":"Polygon","coordinates":[[[77.280331,28.562023],[77.280394,28.562021],[77.280399,28.562108],[77.280335,28.56211],[77.280331,28.562023]]]}},{"type":"Feature","properties":{"confidence":0.943},"geometry":{"type":"Polygon","coordinates":[[[77.282391,28.568421],[77.282442,28.568525],[77.282299,28.568579],[77.282248,28.568474],[77.282391,28.568421]]]}},{"type":"Feature","properties":{"confidence":0.948},"geometry":{"type":"Polygon","coordinates":[[[77.285517,28.563474],[77.285506,28.563497],[77.285425,28.563468],[77.285436,28.563444],[77.285517,28.563474]]]}},{"type":"Feature","properties":{"confidence":0.931},"geometry":{"type":"Polygon","coordinates":[[[77.27673,28.561468],[77.276792,28.561469],[77.276788,28.561647],[77.276726,28.561646],[77.27673,28.561468]]]}},{"type":"Feature","properties":{"confidence":0.983},"geometry":{"type":"Polygon","coordinates":[[[77.281091,28.566995],[77.281142,28.566984],[77.281127,28.566933],[77.281201,28.566916],[77.281233,28.567024],[77.281108,28.567053],[77.281091,28.566995]]]}},{"type":"Feature","properties":{"confidence":0.966},"geometry":{"type":"Polygon","coordinates":[[[77.283684,28.564972],[77.283465,28.5651],[77.283423,28.565044],[77.2834,28.565057],[77.283351,28.564993],[77.283291,28.565028],[77.283131,28.564816],[77.283268,28.564737],[77.283335,28.564825],[77.283449,28.564759],[77.283469,28.564786],[77.283527,28.564753],[77.283604,28.564856],[77.283599,28.564858],[77.283684,28.564972]]]}},{"type":"Feature","properties":{"confidence":0.977},"geometry":{"type":"Polygon","coordinates":[[[77.284357,28.563707],[77.284336,28.563749],[77.284286,28.563729],[77.284307,28.563688],[77.284357,28.563707]]]}},{"type":"Feature","properties":{"confidence":0.965},"geometry":{"type":"Polygon","coordinates":[[[77.287018,28.563157],[77.286982,28.563242],[77.286902,28.563215],[77.286939,28.563131],[77.287018,28.563157]]]}},{"type":"Feature","properties":{"confidence":0.994},"geometry":{"type":"Polygon","coordinates":[[[77.277508,28.560419],[77.277525,28.560383],[77.277675,28.56044],[77.277657,28.560476],[77.277508,28.560419]]]}},{"type":"Feature","properties":{"confidence":0.968},"geometry":{"type":"Polygon","coordinates":[[[77.278876,28.56112],[77.278875,28.561181],[77.278808,28.56118],[77.278809,28.561118],[77.278876,28.56112]]]}},{"type":"Feature","properties":{"confidence":0.961},"geometry":{"type":"Polygon","coordinates":[[[77.282483,28.568517],[77.282719,28.568433],[77.282756,28.568512],[77.282665,28.568544],[77.282893,28.569041],[77.283008,28.569],[77.283135,28.569275],[77.282967,28.569335],[77.282952,28.569301],[77.2829,28.569319],[77.282748,28.568989],[77.282707,28.569004],[77.282483,28.568517]]]}},{"type":"Feature","properties":{"confidence":0.953},"geometry":{"type":"Polygon","coordinates":[[[77.28668,28.568752],[77.286381,28.568835],[77.286216,28.568372],[77.286503,28.568293],[77.286554,28.568436],[77.286566,28.568433],[77.28668,28.568752]]]}}]}
